case,variant,wall_median_us,wall_p95_us,total_nmse,arithmetic,quant
smoke-pair-f32,native-w2a16,208.3,221.4,6.470751411e-08,PASS,PASS
smoke-pair-f32,native-w2a8-g32-staged,198.3,200.5,3.843929819e-05,PASS,PASS
smoke-pair-f32,native-w2a8-g32-fused,178.3,179.0,3.843929819e-05,PASS,PASS
smoke-pair-f32,native-w2a8-g128-staged,208.4,211.8,3.868587257e-05,PASS,PASS
smoke-pair-f32,native-w2a8-g128-fused,182.1,190.3,3.868587257e-05,PASS,PASS
smoke-pair-f32,native-w2a8-g256-staged,194.1,199.3,4.4010157e-05,PASS,PASS
smoke-pair-f32,native-w2a8-g256-fused,189.8,192.4,4.4010157e-05,PASS,PASS
smoke-pair-f32,s2tile8-w2a16,207.5,209.9,6.470751411e-08,PASS,PASS
smoke-pair-f32,s2tile8-w2a8-g32-staged,191.5,193.3,3.843929819e-05,PASS,PASS
smoke-pair-f32,s2tile8-w2a8-g32-fused,178.8,183.8,3.843929819e-05,PASS,PASS
smoke-pair-f32,s2tile8-w2a8-g128-staged,176.4,182.6,3.868587257e-05,PASS,PASS
smoke-pair-f32,s2tile8-w2a8-g128-fused,179.3,188.0,3.868587257e-05,PASS,PASS
smoke-pair-f32,s2tile8-w2a8-g256-staged,188.7,190.6,4.4010157e-05,PASS,PASS
smoke-pair-f32,s2tile8-w2a8-g256-fused,177.6,183.8,4.4010157e-05,PASS,PASS
smoke-pair-f32,native-fma-SYCL,83.2,88.7,7.730588043e-15,PASS,PASS
smoke-down-q4-f16-s2,native-w2a16,209.1,215.2,4.986803132e-08,PASS,PASS
smoke-down-q4-f16-s2,native-w2a8-g32-staged,199.3,200.6,3.301057125e-05,PASS,PASS
smoke-down-q4-f16-s2,native-w2a8-g32-fused,193.7,198.9,3.301057125e-05,PASS,PASS
smoke-down-q4-f16-s2,native-w2a8-g128-staged,190.8,191.2,4.231436233e-05,PASS,PASS
smoke-down-q4-f16-s2,native-w2a8-g128-fused,188.4,193.4,4.231436233e-05,PASS,PASS
smoke-down-q4-f16-s2,native-w2a8-g256-staged,198.3,211.1,5.318908713e-05,PASS,PASS
smoke-down-q4-f16-s2,native-w2a8-g256-fused,180.6,187.8,5.318908713e-05,PASS,PASS
smoke-down-q4-f16-s2,s2tile8-w2a16,187.7,192.1,4.986803132e-08,PASS,PASS
smoke-down-q4-f16-s2,s2tile8-w2a8-g32-staged,189.5,193.7,3.301057125e-05,PASS,PASS
smoke-down-q4-f16-s2,s2tile8-w2a8-g32-fused,188.8,194.5,3.301057125e-05,PASS,PASS
smoke-down-q4-f16-s2,s2tile8-w2a8-g128-staged,186.6,187.4,4.231436233e-05,PASS,PASS
smoke-down-q4-f16-s2,s2tile8-w2a8-g128-fused,178.6,181.8,4.231436233e-05,PASS,PASS
smoke-down-q4-f16-s2,s2tile8-w2a8-g256-staged,181.1,186.6,5.318908713e-05,PASS,PASS
smoke-down-q4-f16-s2,s2tile8-w2a8-g256-fused,182.5,186.4,5.318908713e-05,PASS,PASS
smoke-zero,native-w2a16,229.7,230.4,0.0,PASS,PASS
smoke-zero,native-w2a8-g32-staged,196.4,206.1,0.0,PASS,PASS
smoke-zero,native-w2a8-g32-fused,181.5,197.7,0.0,PASS,PASS
smoke-zero,native-w2a8-g128-staged,208.5,212.9,0.0,PASS,PASS
smoke-zero,native-w2a8-g128-fused,184.8,187.3,0.0,PASS,PASS
smoke-zero,native-w2a8-g256-staged,194.6,196.6,0.0,PASS,PASS
smoke-zero,native-w2a8-g256-fused,188.0,195.4,0.0,PASS,PASS
smoke-zero,s2tile8-w2a16,194.3,200.1,0.0,PASS,PASS
smoke-zero,s2tile8-w2a8-g32-staged,194.3,205.3,0.0,PASS,PASS
smoke-zero,s2tile8-w2a8-g32-fused,183.8,185.5,0.0,PASS,PASS
smoke-zero,s2tile8-w2a8-g128-staged,193.4,193.6,0.0,PASS,PASS
smoke-zero,s2tile8-w2a8-g128-fused,181.7,182.7,0.0,PASS,PASS
smoke-zero,s2tile8-w2a8-g256-staged,197.4,198.7,0.0,PASS,PASS
smoke-zero,s2tile8-w2a8-g256-fused,178.2,179.9,0.0,PASS,PASS
smoke-rne-ties,native-w2a16,238.1,244.6,0.0,PASS,PASS
smoke-rne-ties,native-w2a8-g32-staged,206.4,207.7,4.750653926e-05,PASS,PASS
smoke-rne-ties,native-w2a8-g32-fused,185.6,190.2,4.750653926e-05,PASS,PASS
smoke-rne-ties,native-w2a8-g128-staged,206.7,211.2,4.750653926e-05,PASS,PASS
smoke-rne-ties,native-w2a8-g128-fused,192.1,193.9,4.750653926e-05,PASS,PASS
smoke-rne-ties,native-w2a8-g256-staged,194.3,196.4,4.750653926e-05,PASS,PASS
smoke-rne-ties,native-w2a8-g256-fused,190.8,205.5,4.750653926e-05,PASS,PASS
smoke-rne-ties,s2tile8-w2a16,220.5,224.3,0.0,PASS,PASS
smoke-rne-ties,s2tile8-w2a8-g32-staged,187.0,188.5,4.750653926e-05,PASS,PASS
smoke-rne-ties,s2tile8-w2a8-g32-fused,182.1,183.4,4.750653926e-05,PASS,PASS
smoke-rne-ties,s2tile8-w2a8-g128-staged,179.4,183.3,4.750653926e-05,PASS,PASS
smoke-rne-ties,s2tile8-w2a8-g128-fused,189.7,195.0,4.750653926e-05,PASS,PASS
smoke-rne-ties,s2tile8-w2a8-g256-staged,195.8,196.3,4.750653926e-05,PASS,PASS
smoke-rne-ties,s2tile8-w2a8-g256-fused,180.5,187.7,4.750653926e-05,PASS,PASS
maple-gate-up-q1-s1,native-w2a16,479.4,493.2,4.295373262e-08,PASS,PASS
maple-gate-up-q1-s1,native-w2a8-g32-staged,431.4,438.6,3.00961808e-05,PASS,PASS
maple-gate-up-q1-s1,native-w2a8-g32-fused,487.3,503.3,3.00961808e-05,PASS,PASS
maple-gate-up-q1-s1,native-w2a8-g128-staged,359.9,383.2,3.884880988e-05,PASS,PASS
maple-gate-up-q1-s1,native-w2a8-g128-fused,400.6,413.7,3.884880988e-05,PASS,PASS
maple-gate-up-q1-s1,native-w2a8-g256-staged,430.2,440.9,4.181139745e-05,PASS,PASS
maple-gate-up-q1-s1,native-w2a8-g256-fused,484.2,499.9,4.181139745e-05,PASS,PASS
maple-gate-up-q1-s1,s2tile8-w2a16,328.4,347.9,4.295373262e-08,PASS,PASS
maple-gate-up-q1-s1,s2tile8-w2a8-g32-staged,228.6,241.6,3.00961808e-05,PASS,PASS
maple-gate-up-q1-s1,s2tile8-w2a8-g32-fused,262.8,282.3,3.00961808e-05,PASS,PASS
maple-gate-up-q1-s1,s2tile8-w2a8-g128-staged,228.8,240.2,3.884880988e-05,PASS,PASS
maple-gate-up-q1-s1,s2tile8-w2a8-g128-fused,248.6,260.7,3.884880988e-05,PASS,PASS
maple-gate-up-q1-s1,s2tile8-w2a8-g256-staged,231.8,244.2,4.181139745e-05,PASS,PASS
maple-gate-up-q1-s1,s2tile8-w2a8-g256-fused,243.5,263.1,4.181139745e-05,PASS,PASS
maple-down-q1-s1,native-w2a16,273.0,296.0,4.401903066e-08,PASS,PASS
maple-down-q1-s1,native-w2a8-g32-staged,240.0,247.3,2.968356653e-05,PASS,PASS
maple-down-q1-s1,native-w2a8-g32-fused,270.1,285.2,2.968356653e-05,PASS,PASS
maple-down-q1-s1,native-w2a8-g128-staged,222.8,234.6,4.100039041e-05,PASS,PASS
maple-down-q1-s1,native-w2a8-g128-fused,238.7,249.8,4.100039041e-05,PASS,PASS
maple-down-q1-s1,native-w2a8-g256-staged,236.2,254.3,4.24010548e-05,PASS,PASS
maple-down-q1-s1,native-w2a8-g256-fused,264.7,280.6,4.24010548e-05,PASS,PASS
maple-down-q1-s1,s2tile8-w2a16,225.2,243.4,4.401903066e-08,PASS,PASS
maple-down-q1-s1,s2tile8-w2a8-g32-staged,200.2,217.4,2.968356653e-05,PASS,PASS
maple-down-q1-s1,s2tile8-w2a8-g32-fused,217.7,234.0,2.968356653e-05,PASS,PASS
maple-down-q1-s1,s2tile8-w2a8-g128-staged,197.7,211.4,4.100039041e-05,PASS,PASS
maple-down-q1-s1,s2tile8-w2a8-g128-fused,204.5,218.3,4.100039041e-05,PASS,PASS
maple-down-q1-s1,s2tile8-w2a8-g256-staged,197.6,215.7,4.24010548e-05,PASS,PASS
maple-down-q1-s1,s2tile8-w2a8-g256-fused,207.7,224.9,4.24010548e-05,PASS,PASS
