section,arm,round,model,ccs_mode,freq_min,freq_max,power_profile,timeslice_us,env_extra,env_full,bench_args,pp512,tg64,pp512 @ d8192,tg64 @ d8192,cpu_idle,load,rc,act_freq_mean
ccs,ccs1,0,8B,1,600,2400,base,1000,(none),ONEAPI_DEVICE_SELECTOR=level_zero:0 GGML_SYCL_ENABLE_GRAPH=1 GGML_SYCL_GRAPH_EVICTION_TIMEOUT=300 GGML_SYCL_XE_COPY_ENGINE_DEFAULT=0 GGML_SYCL_FA_LARGE_GRF=1,"-m Llama-3.1-8B-Q4_K_M -ngl 99 -fa 1 -ctk q8_0 -ctv q8_0 -p 512 -n 64 -d 0,8192 -r 3 -t 12",1635.96±2.59,62.32±0.09,218.98±2.17,45.36±0.35,91,2.01,0,1769
ccs,ccs1,1,8B,1,600,2400,base,1000,(none),ONEAPI_DEVICE_SELECTOR=level_zero:0 GGML_SYCL_ENABLE_GRAPH=1 GGML_SYCL_GRAPH_EVICTION_TIMEOUT=300 GGML_SYCL_XE_COPY_ENGINE_DEFAULT=0 GGML_SYCL_FA_LARGE_GRF=1,"-m Llama-3.1-8B-Q4_K_M -ngl 99 -fa 1 -ctk q8_0 -ctv q8_0 -p 512 -n 64 -d 0,8192 -r 3 -t 12",1636.43±0.82,62.29±0.11,219.41±1.59,45.16±0.49,93,2.71,0,2211
ccs,ccs1,2,8B,1,600,2400,base,1000,(none),ONEAPI_DEVICE_SELECTOR=level_zero:0 GGML_SYCL_ENABLE_GRAPH=1 GGML_SYCL_GRAPH_EVICTION_TIMEOUT=300 GGML_SYCL_XE_COPY_ENGINE_DEFAULT=0 GGML_SYCL_FA_LARGE_GRF=1,"-m Llama-3.1-8B-Q4_K_M -ngl 99 -fa 1 -ctk q8_0 -ctv q8_0 -p 512 -n 64 -d 0,8192 -r 3 -t 12",1636.35±2.55,62.29±0.12,219.95±2.39,45.32±0.45,93,2.45,0,2198
ccs,ccs2,0,8B,2,600,2400,base,1000,(none),ONEAPI_DEVICE_SELECTOR=level_zero:0 GGML_SYCL_ENABLE_GRAPH=1 GGML_SYCL_GRAPH_EVICTION_TIMEOUT=300 GGML_SYCL_XE_COPY_ENGINE_DEFAULT=0 GGML_SYCL_FA_LARGE_GRF=1,"-m Llama-3.1-8B-Q4_K_M -ngl 99 -fa 1 -ctk q8_0 -ctv q8_0 -p 512 -n 64 -d 0,8192 -r 3 -t 12",1164.71±1.22,50.81±0.06,205.93±1.74,32.79±0.28,91,2.41,0,2285
ccs,ccs2,1,8B,2,600,2400,base,1000,(none),ONEAPI_DEVICE_SELECTOR=level_zero:0 GGML_SYCL_ENABLE_GRAPH=1 GGML_SYCL_GRAPH_EVICTION_TIMEOUT=300 GGML_SYCL_XE_COPY_ENGINE_DEFAULT=0 GGML_SYCL_FA_LARGE_GRF=1,"-m Llama-3.1-8B-Q4_K_M -ngl 99 -fa 1 -ctk q8_0 -ctv q8_0 -p 512 -n 64 -d 0,8192 -r 3 -t 12",1163.08±0.20,50.72±0.04,206.19±2.70,32.67±0.30,92,2.34,0,2217
ccs,ccs2,2,8B,2,600,2400,base,1000,(none),ONEAPI_DEVICE_SELECTOR=level_zero:0 GGML_SYCL_ENABLE_GRAPH=1 GGML_SYCL_GRAPH_EVICTION_TIMEOUT=300 GGML_SYCL_XE_COPY_ENGINE_DEFAULT=0 GGML_SYCL_FA_LARGE_GRF=1,"-m Llama-3.1-8B-Q4_K_M -ngl 99 -fa 1 -ctk q8_0 -ctv q8_0 -p 512 -n 64 -d 0,8192 -r 3 -t 12",1163.42±0.97,50.81±0.05,206.85±1.60,32.80±0.26,92,2.18,0,2238
ccs,ccs4,0,8B,4,600,2400,base,1000,(none),ONEAPI_DEVICE_SELECTOR=level_zero:0 GGML_SYCL_ENABLE_GRAPH=1 GGML_SYCL_GRAPH_EVICTION_TIMEOUT=300 GGML_SYCL_XE_COPY_ENGINE_DEFAULT=0 GGML_SYCL_FA_LARGE_GRF=1,"-m Llama-3.1-8B-Q4_K_M -ngl 99 -fa 1 -ctk q8_0 -ctv q8_0 -p 512 -n 64 -d 0,8192 -r 3 -t 12",623.98±0.30,30.25±0.03,179.14±1.14,18.59±0.07,92,2.55,0,2188
ccs,ccs4,1,8B,4,600,2400,base,1000,(none),ONEAPI_DEVICE_SELECTOR=level_zero:0 GGML_SYCL_ENABLE_GRAPH=1 GGML_SYCL_GRAPH_EVICTION_TIMEOUT=300 GGML_SYCL_XE_COPY_ENGINE_DEFAULT=0 GGML_SYCL_FA_LARGE_GRF=1,"-m Llama-3.1-8B-Q4_K_M -ngl 99 -fa 1 -ctk q8_0 -ctv q8_0 -p 512 -n 64 -d 0,8192 -r 3 -t 12",623.55±0.70,30.21±0.03,179.37±1.43,18.57±0.10,93,2.38,0,2194
ccs,ccs4,2,8B,4,600,2400,base,1000,(none),ONEAPI_DEVICE_SELECTOR=level_zero:0 GGML_SYCL_ENABLE_GRAPH=1 GGML_SYCL_GRAPH_EVICTION_TIMEOUT=300 GGML_SYCL_XE_COPY_ENGINE_DEFAULT=0 GGML_SYCL_FA_LARGE_GRF=1,"-m Llama-3.1-8B-Q4_K_M -ngl 99 -fa 1 -ctk q8_0 -ctv q8_0 -p 512 -n 64 -d 0,8192 -r 3 -t 12",624.16±0.28,30.25±0.02,179.61±1.14,18.56±0.09,92,2.44,0,2250
envs,ASYNC0,0,8B,1,600,2400,base,1000,GGML_SYCL_USE_ASYNC_MEM_OP=0,ONEAPI_DEVICE_SELECTOR=level_zero:0 GGML_SYCL_ENABLE_GRAPH=1 GGML_SYCL_GRAPH_EVICTION_TIMEOUT=300 GGML_SYCL_XE_COPY_ENGINE_DEFAULT=0 GGML_SYCL_FA_LARGE_GRF=1 GGML_SYCL_USE_ASYNC_MEM_OP=0,"-m Llama-3.1-8B-Q4_K_M -ngl 99 -fa 1 -ctk q8_0 -ctv q8_0 -p 512 -n 64 -d 0,8192 -r 3 -t 12",1635.76±2.01,62.29±0.12,219.68±1.81,45.08±0.33,92,3.57,0,2319
envs,ASYNC0,1,8B,1,600,2400,base,1000,GGML_SYCL_USE_ASYNC_MEM_OP=0,ONEAPI_DEVICE_SELECTOR=level_zero:0 GGML_SYCL_ENABLE_GRAPH=1 GGML_SYCL_GRAPH_EVICTION_TIMEOUT=300 GGML_SYCL_XE_COPY_ENGINE_DEFAULT=0 GGML_SYCL_FA_LARGE_GRF=1 GGML_SYCL_USE_ASYNC_MEM_OP=0,"-m Llama-3.1-8B-Q4_K_M -ngl 99 -fa 1 -ctk q8_0 -ctv q8_0 -p 512 -n 64 -d 0,8192 -r 3 -t 12",1631.52±0.87,62.00±0.12,219.66±1.86,45.04±0.45,85,5.04,0,2304
envs,ASYNC0,2,8B,1,600,2400,base,1000,GGML_SYCL_USE_ASYNC_MEM_OP=0,ONEAPI_DEVICE_SELECTOR=level_zero:0 GGML_SYCL_ENABLE_GRAPH=1 GGML_SYCL_GRAPH_EVICTION_TIMEOUT=300 GGML_SYCL_XE_COPY_ENGINE_DEFAULT=0 GGML_SYCL_FA_LARGE_GRF=1 GGML_SYCL_USE_ASYNC_MEM_OP=0,"-m Llama-3.1-8B-Q4_K_M -ngl 99 -fa 1 -ctk q8_0 -ctv q8_0 -p 512 -n 64 -d 0,8192 -r 3 -t 12",1633.93±0.87,62.16±0.16,218.72±1.52,45.16±0.40,84,3.83,0,2283
envs,COPYENG1,0,8B,1,600,2400,base,1000,UR_L0_USE_COPY_ENGINE=1,ONEAPI_DEVICE_SELECTOR=level_zero:0 GGML_SYCL_ENABLE_GRAPH=1 GGML_SYCL_GRAPH_EVICTION_TIMEOUT=300 GGML_SYCL_XE_COPY_ENGINE_DEFAULT=0 GGML_SYCL_FA_LARGE_GRF=1 UR_L0_USE_COPY_ENGINE=1,"-m Llama-3.1-8B-Q4_K_M -ngl 99 -fa 1 -ctk q8_0 -ctv q8_0 -p 512 -n 64 -d 0,8192 -r 3 -t 12",1632.98±1.47,62.03±0.10,219.18±0.74,45.15±0.53,86,4.44,0,2281
envs,COPYENG1,1,8B,1,600,2400,base,1000,UR_L0_USE_COPY_ENGINE=1,ONEAPI_DEVICE_SELECTOR=level_zero:0 GGML_SYCL_ENABLE_GRAPH=1 GGML_SYCL_GRAPH_EVICTION_TIMEOUT=300 GGML_SYCL_XE_COPY_ENGINE_DEFAULT=0 GGML_SYCL_FA_LARGE_GRF=1 UR_L0_USE_COPY_ENGINE=1,"-m Llama-3.1-8B-Q4_K_M -ngl 99 -fa 1 -ctk q8_0 -ctv q8_0 -p 512 -n 64 -d 0,8192 -r 3 -t 12",1633.13±1.50,62.04±0.13,219.62±1.97,45.05±0.46,84,4.47,0,2269
envs,COPYENG1,2,8B,1,600,2400,base,1000,UR_L0_USE_COPY_ENGINE=1,ONEAPI_DEVICE_SELECTOR=level_zero:0 GGML_SYCL_ENABLE_GRAPH=1 GGML_SYCL_GRAPH_EVICTION_TIMEOUT=300 GGML_SYCL_XE_COPY_ENGINE_DEFAULT=0 GGML_SYCL_FA_LARGE_GRF=1 UR_L0_USE_COPY_ENGINE=1,"-m Llama-3.1-8B-Q4_K_M -ngl 99 -fa 1 -ctk q8_0 -ctv q8_0 -p 512 -n 64 -d 0,8192 -r 3 -t 12",1633.95±2.33,61.98±0.14,219.81±2.13,45.17±0.36,84,3.94,0,2259
envs,DMMV1,0,8B,1,600,2400,base,1000,GGML_SYCL_PRIORITIZE_DMMV=1,ONEAPI_DEVICE_SELECTOR=level_zero:0 GGML_SYCL_ENABLE_GRAPH=1 GGML_SYCL_GRAPH_EVICTION_TIMEOUT=300 GGML_SYCL_XE_COPY_ENGINE_DEFAULT=0 GGML_SYCL_FA_LARGE_GRF=1 GGML_SYCL_PRIORITIZE_DMMV=1,"-m Llama-3.1-8B-Q4_K_M -ngl 99 -fa 1 -ctk q8_0 -ctv q8_0 -p 512 -n 64 -d 0,8192 -r 3 -t 12",1634.31±1.54,62.04±0.11,218.70±2.32,45.16±0.36,92,2.20,0,2278
envs,DMMV1,1,8B,1,600,2400,base,1000,GGML_SYCL_PRIORITIZE_DMMV=1,ONEAPI_DEVICE_SELECTOR=level_zero:0 GGML_SYCL_ENABLE_GRAPH=1 GGML_SYCL_GRAPH_EVICTION_TIMEOUT=300 GGML_SYCL_XE_COPY_ENGINE_DEFAULT=0 GGML_SYCL_FA_LARGE_GRF=1 GGML_SYCL_PRIORITIZE_DMMV=1,"-m Llama-3.1-8B-Q4_K_M -ngl 99 -fa 1 -ctk q8_0 -ctv q8_0 -p 512 -n 64 -d 0,8192 -r 3 -t 12",1631.56±3.20,61.83±0.14,218.64±1.37,45.09±0.39,84,4.56,0,2280
envs,DMMV1,2,8B,1,600,2400,base,1000,GGML_SYCL_PRIORITIZE_DMMV=1,ONEAPI_DEVICE_SELECTOR=level_zero:0 GGML_SYCL_ENABLE_GRAPH=1 GGML_SYCL_GRAPH_EVICTION_TIMEOUT=300 GGML_SYCL_XE_COPY_ENGINE_DEFAULT=0 GGML_SYCL_FA_LARGE_GRF=1 GGML_SYCL_PRIORITIZE_DMMV=1,"-m Llama-3.1-8B-Q4_K_M -ngl 99 -fa 1 -ctk q8_0 -ctv q8_0 -p 512 -n 64 -d 0,8192 -r 3 -t 12",1632.51±0.98,61.82±0.13,218.86±0.99,45.18±0.47,84,4.21,0,2306
envs,ESIMD0,0,8B,1,600,2400,base,1000,GGML_SYCL_ENABLE_ESIMD=0,ONEAPI_DEVICE_SELECTOR=level_zero:0 GGML_SYCL_ENABLE_GRAPH=1 GGML_SYCL_GRAPH_EVICTION_TIMEOUT=300 GGML_SYCL_XE_COPY_ENGINE_DEFAULT=0 GGML_SYCL_FA_LARGE_GRF=1 GGML_SYCL_ENABLE_ESIMD=0,"-m Llama-3.1-8B-Q4_K_M -ngl 99 -fa 1 -ctk q8_0 -ctv q8_0 -p 512 -n 64 -d 0,8192 -r 3 -t 12",1632.21±1.06,59.23±0.15,219.67±1.16,43.66±0.52,93,2.29,0,2263
envs,ESIMD0,1,8B,1,600,2400,base,1000,GGML_SYCL_ENABLE_ESIMD=0,ONEAPI_DEVICE_SELECTOR=level_zero:0 GGML_SYCL_ENABLE_GRAPH=1 GGML_SYCL_GRAPH_EVICTION_TIMEOUT=300 GGML_SYCL_XE_COPY_ENGINE_DEFAULT=0 GGML_SYCL_FA_LARGE_GRF=1 GGML_SYCL_ENABLE_ESIMD=0,"-m Llama-3.1-8B-Q4_K_M -ngl 99 -fa 1 -ctk q8_0 -ctv q8_0 -p 512 -n 64 -d 0,8192 -r 3 -t 12",1633.07±1.54,59.09±0.15,218.62±1.26,43.53±0.42,84,4.44,0,2304
envs,ESIMD0,2,8B,1,600,2400,base,1000,GGML_SYCL_ENABLE_ESIMD=0,ONEAPI_DEVICE_SELECTOR=level_zero:0 GGML_SYCL_ENABLE_GRAPH=1 GGML_SYCL_GRAPH_EVICTION_TIMEOUT=300 GGML_SYCL_XE_COPY_ENGINE_DEFAULT=0 GGML_SYCL_FA_LARGE_GRF=1 GGML_SYCL_ENABLE_ESIMD=0,"-m Llama-3.1-8B-Q4_K_M -ngl 99 -fa 1 -ctk q8_0 -ctv q8_0 -p 512 -n 64 -d 0,8192 -r 3 -t 12",1631.11±2.40,59.17±0.11,219.55±1.17,43.48±0.46,82,4.39,0,2276
envs,FFN0,0,8B,1,600,2400,base,1000,GGML_SYCL_FFN_FUSION=0,ONEAPI_DEVICE_SELECTOR=level_zero:0 GGML_SYCL_ENABLE_GRAPH=1 GGML_SYCL_GRAPH_EVICTION_TIMEOUT=300 GGML_SYCL_XE_COPY_ENGINE_DEFAULT=0 GGML_SYCL_FA_LARGE_GRF=1 GGML_SYCL_FFN_FUSION=0,"-m Llama-3.1-8B-Q4_K_M -ngl 99 -fa 1 -ctk q8_0 -ctv q8_0 -p 512 -n 64 -d 0,8192 -r 3 -t 12",1634.36±0.78,61.84±0.21,219.73±1.30,45.07±0.49,93,2.01,0,2293
envs,FFN0,1,8B,1,600,2400,base,1000,GGML_SYCL_FFN_FUSION=0,ONEAPI_DEVICE_SELECTOR=level_zero:0 GGML_SYCL_ENABLE_GRAPH=1 GGML_SYCL_GRAPH_EVICTION_TIMEOUT=300 GGML_SYCL_XE_COPY_ENGINE_DEFAULT=0 GGML_SYCL_FA_LARGE_GRF=1 GGML_SYCL_FFN_FUSION=0,"-m Llama-3.1-8B-Q4_K_M -ngl 99 -fa 1 -ctk q8_0 -ctv q8_0 -p 512 -n 64 -d 0,8192 -r 3 -t 12",1633.19±0.85,61.74±0.11,218.47±1.15,44.96±0.48,84,4.11,0,2272
envs,FFN0,2,8B,1,600,2400,base,1000,GGML_SYCL_FFN_FUSION=0,ONEAPI_DEVICE_SELECTOR=level_zero:0 GGML_SYCL_ENABLE_GRAPH=1 GGML_SYCL_GRAPH_EVICTION_TIMEOUT=300 GGML_SYCL_XE_COPY_ENGINE_DEFAULT=0 GGML_SYCL_FA_LARGE_GRF=1 GGML_SYCL_FFN_FUSION=0,"-m Llama-3.1-8B-Q4_K_M -ngl 99 -fa 1 -ctk q8_0 -ctv q8_0 -p 512 -n 64 -d 0,8192 -r 3 -t 12",1630.33±1.38,61.77±0.15,219.49±1.70,44.96±0.47,84,4.11,0,2274
envs,FUSION0,0,8B,1,600,2400,base,1000,GGML_SYCL_ENABLE_FUSION=0,ONEAPI_DEVICE_SELECTOR=level_zero:0 GGML_SYCL_ENABLE_GRAPH=1 GGML_SYCL_GRAPH_EVICTION_TIMEOUT=300 GGML_SYCL_XE_COPY_ENGINE_DEFAULT=0 GGML_SYCL_FA_LARGE_GRF=1 GGML_SYCL_ENABLE_FUSION=0,"-m Llama-3.1-8B-Q4_K_M -ngl 99 -fa 1 -ctk q8_0 -ctv q8_0 -p 512 -n 64 -d 0,8192 -r 3 -t 12",1622.85±1.12,61.07±0.13,218.57±1.69,44.81±0.19,93,2.26,0,2281
envs,FUSION0,1,8B,1,600,2400,base,1000,GGML_SYCL_ENABLE_FUSION=0,ONEAPI_DEVICE_SELECTOR=level_zero:0 GGML_SYCL_ENABLE_GRAPH=1 GGML_SYCL_GRAPH_EVICTION_TIMEOUT=300 GGML_SYCL_XE_COPY_ENGINE_DEFAULT=0 GGML_SYCL_FA_LARGE_GRF=1 GGML_SYCL_ENABLE_FUSION=0,"-m Llama-3.1-8B-Q4_K_M -ngl 99 -fa 1 -ctk q8_0 -ctv q8_0 -p 512 -n 64 -d 0,8192 -r 3 -t 12",1618.03±1.87,60.83±0.14,218.82±1.61,44.55±0.38,84,4.35,0,2306
envs,FUSION0,2,8B,1,600,2400,base,1000,GGML_SYCL_ENABLE_FUSION=0,ONEAPI_DEVICE_SELECTOR=level_zero:0 GGML_SYCL_ENABLE_GRAPH=1 GGML_SYCL_GRAPH_EVICTION_TIMEOUT=300 GGML_SYCL_XE_COPY_ENGINE_DEFAULT=0 GGML_SYCL_FA_LARGE_GRF=1 GGML_SYCL_ENABLE_FUSION=0,"-m Llama-3.1-8B-Q4_K_M -ngl 99 -fa 1 -ctk q8_0 -ctv q8_0 -p 512 -n 64 -d 0,8192 -r 3 -t 12",1618.10±0.96,60.85±0.16,219.66±1.67,44.53±0.43,84,4.57,0,2281
envs,GRAPH0,0,8B,1,600,2400,base,1000,GGML_SYCL_ENABLE_GRAPH=0,ONEAPI_DEVICE_SELECTOR=level_zero:0 GGML_SYCL_ENABLE_GRAPH=0 GGML_SYCL_GRAPH_EVICTION_TIMEOUT=300 GGML_SYCL_XE_COPY_ENGINE_DEFAULT=0 GGML_SYCL_FA_LARGE_GRF=1,"-m Llama-3.1-8B-Q4_K_M -ngl 99 -fa 1 -ctk q8_0 -ctv q8_0 -p 512 -n 64 -d 0,8192 -r 3 -t 12",1634.18±1.75,58.09±0.08,219.78±1.25,43.05±0.29,93,2.07,0,2226
envs,GRAPH0,1,8B,1,600,2400,base,1000,GGML_SYCL_ENABLE_GRAPH=0,ONEAPI_DEVICE_SELECTOR=level_zero:0 GGML_SYCL_ENABLE_GRAPH=0 GGML_SYCL_GRAPH_EVICTION_TIMEOUT=300 GGML_SYCL_XE_COPY_ENGINE_DEFAULT=0 GGML_SYCL_FA_LARGE_GRF=1,"-m Llama-3.1-8B-Q4_K_M -ngl 99 -fa 1 -ctk q8_0 -ctv q8_0 -p 512 -n 64 -d 0,8192 -r 3 -t 12",1631.43±1.72,57.89±0.01,219.30±1.62,42.56±0.29,84,3.85,0,2211
envs,GRAPH0,2,8B,1,600,2400,base,1000,GGML_SYCL_ENABLE_GRAPH=0,ONEAPI_DEVICE_SELECTOR=level_zero:0 GGML_SYCL_ENABLE_GRAPH=0 GGML_SYCL_GRAPH_EVICTION_TIMEOUT=300 GGML_SYCL_XE_COPY_ENGINE_DEFAULT=0 GGML_SYCL_FA_LARGE_GRF=1,"-m Llama-3.1-8B-Q4_K_M -ngl 99 -fa 1 -ctk q8_0 -ctv q8_0 -p 512 -n 64 -d 0,8192 -r 3 -t 12",1633.27±1.13,57.93±0.07,219.20±2.32,42.81±0.13,77,4.21,0,2325
envs,GRF0,0,8B,1,600,2400,base,1000,GGML_SYCL_FA_LARGE_GRF=0,ONEAPI_DEVICE_SELECTOR=level_zero:0 GGML_SYCL_ENABLE_GRAPH=1 GGML_SYCL_GRAPH_EVICTION_TIMEOUT=300 GGML_SYCL_XE_COPY_ENGINE_DEFAULT=0 GGML_SYCL_FA_LARGE_GRF=0,"-m Llama-3.1-8B-Q4_K_M -ngl 99 -fa 1 -ctk q8_0 -ctv q8_0 -p 512 -n 64 -d 0,8192 -r 3 -t 12",1503.23±1.49,62.32±0.10,219.34±2.39,45.26±0.34,93,2.05,0,2296
envs,GRF0,1,8B,1,600,2400,base,1000,GGML_SYCL_FA_LARGE_GRF=0,ONEAPI_DEVICE_SELECTOR=level_zero:0 GGML_SYCL_ENABLE_GRAPH=1 GGML_SYCL_GRAPH_EVICTION_TIMEOUT=300 GGML_SYCL_XE_COPY_ENGINE_DEFAULT=0 GGML_SYCL_FA_LARGE_GRF=0,"-m Llama-3.1-8B-Q4_K_M -ngl 99 -fa 1 -ctk q8_0 -ctv q8_0 -p 512 -n 64 -d 0,8192 -r 3 -t 12",1502.11±2.30,62.00±0.15,219.03±2.00,45.13±0.41,84,4.42,0,2300
envs,GRF0,2,8B,1,600,2400,base,1000,GGML_SYCL_FA_LARGE_GRF=0,ONEAPI_DEVICE_SELECTOR=level_zero:0 GGML_SYCL_ENABLE_GRAPH=1 GGML_SYCL_GRAPH_EVICTION_TIMEOUT=300 GGML_SYCL_XE_COPY_ENGINE_DEFAULT=0 GGML_SYCL_FA_LARGE_GRF=0,"-m Llama-3.1-8B-Q4_K_M -ngl 99 -fa 1 -ctk q8_0 -ctv q8_0 -p 512 -n 64 -d 0,8192 -r 3 -t 12",1502.67±0.96,62.00±0.09,219.32±2.25,45.13±0.47,85,4.13,0,2257
envs,ILCL0,0,8B,1,600,2400,base,1000,SYCL_PI_LEVEL_ZERO_USE_IMMEDIATE_COMMANDLISTS=0,ONEAPI_DEVICE_SELECTOR=level_zero:0 GGML_SYCL_ENABLE_GRAPH=1 GGML_SYCL_GRAPH_EVICTION_TIMEOUT=300 GGML_SYCL_XE_COPY_ENGINE_DEFAULT=0 GGML_SYCL_FA_LARGE_GRF=1 SYCL_PI_LEVEL_ZERO_USE_IMMEDIATE_COMMANDLISTS=0,"-m Llama-3.1-8B-Q4_K_M -ngl 99 -fa 1 -ctk q8_0 -ctv q8_0 -p 512 -n 64 -d 0,8192 -r 3 -t 12",1629.67±5.61,59.01±0.21,214.37±1.74,43.11±0.20,84,3.82,0,2316
envs,ILCL0,1,8B,1,600,2400,base,1000,SYCL_PI_LEVEL_ZERO_USE_IMMEDIATE_COMMANDLISTS=0,ONEAPI_DEVICE_SELECTOR=level_zero:0 GGML_SYCL_ENABLE_GRAPH=1 GGML_SYCL_GRAPH_EVICTION_TIMEOUT=300 GGML_SYCL_XE_COPY_ENGINE_DEFAULT=0 GGML_SYCL_FA_LARGE_GRF=1 SYCL_PI_LEVEL_ZERO_USE_IMMEDIATE_COMMANDLISTS=0,"-m Llama-3.1-8B-Q4_K_M -ngl 99 -fa 1 -ctk q8_0 -ctv q8_0 -p 512 -n 64 -d 0,8192 -r 3 -t 12",1630.44±5.74,59.07±0.15,212.85±0.91,43.02±0.19,84,4.84,0,2329
envs,ILCL0,2,8B,1,600,2400,base,1000,SYCL_PI_LEVEL_ZERO_USE_IMMEDIATE_COMMANDLISTS=0,ONEAPI_DEVICE_SELECTOR=level_zero:0 GGML_SYCL_ENABLE_GRAPH=1 GGML_SYCL_GRAPH_EVICTION_TIMEOUT=300 GGML_SYCL_XE_COPY_ENGINE_DEFAULT=0 GGML_SYCL_FA_LARGE_GRF=1 SYCL_PI_LEVEL_ZERO_USE_IMMEDIATE_COMMANDLISTS=0,"-m Llama-3.1-8B-Q4_K_M -ngl 99 -fa 1 -ctk q8_0 -ctv q8_0 -p 512 -n 64 -d 0,8192 -r 3 -t 12",1627.80±6.84,59.08±0.09,213.29±0.82,43.13±0.40,83,3.96,0,2341
envs,ILCL1,0,8B,1,600,2400,base,1000,SYCL_PI_LEVEL_ZERO_USE_IMMEDIATE_COMMANDLISTS=1,ONEAPI_DEVICE_SELECTOR=level_zero:0 GGML_SYCL_ENABLE_GRAPH=1 GGML_SYCL_GRAPH_EVICTION_TIMEOUT=300 GGML_SYCL_XE_COPY_ENGINE_DEFAULT=0 GGML_SYCL_FA_LARGE_GRF=1 SYCL_PI_LEVEL_ZERO_USE_IMMEDIATE_COMMANDLISTS=1,"-m Llama-3.1-8B-Q4_K_M -ngl 99 -fa 1 -ctk q8_0 -ctv q8_0 -p 512 -n 64 -d 0,8192 -r 3 -t 12",1635.09±1.41,62.25±0.13,219.01±1.53,45.19±0.33,85,4.45,0,2261
envs,ILCL1,1,8B,1,600,2400,base,1000,SYCL_PI_LEVEL_ZERO_USE_IMMEDIATE_COMMANDLISTS=1,ONEAPI_DEVICE_SELECTOR=level_zero:0 GGML_SYCL_ENABLE_GRAPH=1 GGML_SYCL_GRAPH_EVICTION_TIMEOUT=300 GGML_SYCL_XE_COPY_ENGINE_DEFAULT=0 GGML_SYCL_FA_LARGE_GRF=1 SYCL_PI_LEVEL_ZERO_USE_IMMEDIATE_COMMANDLISTS=1,"-m Llama-3.1-8B-Q4_K_M -ngl 99 -fa 1 -ctk q8_0 -ctv q8_0 -p 512 -n 64 -d 0,8192 -r 3 -t 12",1633.31±1.48,62.04±0.16,218.69±1.33,45.29±0.38,83,4.26,0,2289
envs,ILCL1,2,8B,1,600,2400,base,1000,SYCL_PI_LEVEL_ZERO_USE_IMMEDIATE_COMMANDLISTS=1,ONEAPI_DEVICE_SELECTOR=level_zero:0 GGML_SYCL_ENABLE_GRAPH=1 GGML_SYCL_GRAPH_EVICTION_TIMEOUT=300 GGML_SYCL_XE_COPY_ENGINE_DEFAULT=0 GGML_SYCL_FA_LARGE_GRF=1 SYCL_PI_LEVEL_ZERO_USE_IMMEDIATE_COMMANDLISTS=1,"-m Llama-3.1-8B-Q4_K_M -ngl 99 -fa 1 -ctk q8_0 -ctv q8_0 -p 512 -n 64 -d 0,8192 -r 3 -t 12",1634.28±3.20,62.04±0.16,219.32±1.64,45.11±0.49,84,4.18,0,2269
envs,MKLFA0,0,8B,1,600,2400,base,1000,GGML_SYCL_ENABLE_MKL_FA=0,ONEAPI_DEVICE_SELECTOR=level_zero:0 GGML_SYCL_ENABLE_GRAPH=1 GGML_SYCL_GRAPH_EVICTION_TIMEOUT=300 GGML_SYCL_XE_COPY_ENGINE_DEFAULT=0 GGML_SYCL_FA_LARGE_GRF=1 GGML_SYCL_ENABLE_MKL_FA=0,"-m Llama-3.1-8B-Q4_K_M -ngl 99 -fa 1 -ctk q8_0 -ctv q8_0 -p 512 -n 64 -d 0,8192 -r 3 -t 12",1632.93±0.91,62.09±0.11,343.78±2.85,45.18±0.44,92,2.54,0,2309
envs,MKLFA0,1,8B,1,600,2400,base,1000,GGML_SYCL_ENABLE_MKL_FA=0,ONEAPI_DEVICE_SELECTOR=level_zero:0 GGML_SYCL_ENABLE_GRAPH=1 GGML_SYCL_GRAPH_EVICTION_TIMEOUT=300 GGML_SYCL_XE_COPY_ENGINE_DEFAULT=0 GGML_SYCL_FA_LARGE_GRF=1 GGML_SYCL_ENABLE_MKL_FA=0,"-m Llama-3.1-8B-Q4_K_M -ngl 99 -fa 1 -ctk q8_0 -ctv q8_0 -p 512 -n 64 -d 0,8192 -r 3 -t 12",1631.24±1.53,62.08±0.12,344.16±2.96,45.20±0.16,86,4.06,0,2311
envs,MKLFA0,2,8B,1,600,2400,base,1000,GGML_SYCL_ENABLE_MKL_FA=0,ONEAPI_DEVICE_SELECTOR=level_zero:0 GGML_SYCL_ENABLE_GRAPH=1 GGML_SYCL_GRAPH_EVICTION_TIMEOUT=300 GGML_SYCL_XE_COPY_ENGINE_DEFAULT=0 GGML_SYCL_FA_LARGE_GRF=1 GGML_SYCL_ENABLE_MKL_FA=0,"-m Llama-3.1-8B-Q4_K_M -ngl 99 -fa 1 -ctk q8_0 -ctv q8_0 -p 512 -n 64 -d 0,8192 -r 3 -t 12",1632.98±0.77,62.06±0.12,343.99±3.15,45.09±0.36,84,3.82,0,2335
envs,MKLQT2048,0,8B,1,600,2400,base,1000,GGML_SYCL_MKL_FA_Q_TILE=2048,ONEAPI_DEVICE_SELECTOR=level_zero:0 GGML_SYCL_ENABLE_GRAPH=1 GGML_SYCL_GRAPH_EVICTION_TIMEOUT=300 GGML_SYCL_XE_COPY_ENGINE_DEFAULT=0 GGML_SYCL_FA_LARGE_GRF=1 GGML_SYCL_MKL_FA_Q_TILE=2048,"-m Llama-3.1-8B-Q4_K_M -ngl 99 -fa 1 -ctk q8_0 -ctv q8_0 -p 512 -n 64 -d 0,8192 -r 3 -t 12",1633.80±0.97,62.19±0.13,219.22±1.06,45.33±0.29,78,2.28,0,2263
envs,MKLQT2048,1,8B,1,600,2400,base,1000,GGML_SYCL_MKL_FA_Q_TILE=2048,ONEAPI_DEVICE_SELECTOR=level_zero:0 GGML_SYCL_ENABLE_GRAPH=1 GGML_SYCL_GRAPH_EVICTION_TIMEOUT=300 GGML_SYCL_XE_COPY_ENGINE_DEFAULT=0 GGML_SYCL_FA_LARGE_GRF=1 GGML_SYCL_MKL_FA_Q_TILE=2048,"-m Llama-3.1-8B-Q4_K_M -ngl 99 -fa 1 -ctk q8_0 -ctv q8_0 -p 512 -n 64 -d 0,8192 -r 3 -t 12",1631.56±1.39,62.05±0.07,218.88±1.93,45.11±0.41,85,4.45,0,2291
envs,MKLQT2048,2,8B,1,600,2400,base,1000,GGML_SYCL_MKL_FA_Q_TILE=2048,ONEAPI_DEVICE_SELECTOR=level_zero:0 GGML_SYCL_ENABLE_GRAPH=1 GGML_SYCL_GRAPH_EVICTION_TIMEOUT=300 GGML_SYCL_XE_COPY_ENGINE_DEFAULT=0 GGML_SYCL_FA_LARGE_GRF=1 GGML_SYCL_MKL_FA_Q_TILE=2048,"-m Llama-3.1-8B-Q4_K_M -ngl 99 -fa 1 -ctk q8_0 -ctv q8_0 -p 512 -n 64 -d 0,8192 -r 3 -t 12",1633.82±2.31,62.04±0.11,218.54±2.77,45.12±0.50,85,4.39,0,2302
envs,OPT0,0,8B,1,600,2400,base,1000,GGML_SYCL_ENABLE_OPT=0,ONEAPI_DEVICE_SELECTOR=level_zero:0 GGML_SYCL_ENABLE_GRAPH=1 GGML_SYCL_GRAPH_EVICTION_TIMEOUT=300 GGML_SYCL_XE_COPY_ENGINE_DEFAULT=0 GGML_SYCL_FA_LARGE_GRF=1 GGML_SYCL_ENABLE_OPT=0,"-m Llama-3.1-8B-Q4_K_M -ngl 99 -fa 1 -ctk q8_0 -ctv q8_0 -p 512 -n 64 -d 0,8192 -r 3 -t 12",1623.99±1.41,35.58±0.03,219.87±0.99,29.21±0.23,92,2.34,0,2250
envs,OPT0,1,8B,1,600,2400,base,1000,GGML_SYCL_ENABLE_OPT=0,ONEAPI_DEVICE_SELECTOR=level_zero:0 GGML_SYCL_ENABLE_GRAPH=1 GGML_SYCL_GRAPH_EVICTION_TIMEOUT=300 GGML_SYCL_XE_COPY_ENGINE_DEFAULT=0 GGML_SYCL_FA_LARGE_GRF=1 GGML_SYCL_ENABLE_OPT=0,"-m Llama-3.1-8B-Q4_K_M -ngl 99 -fa 1 -ctk q8_0 -ctv q8_0 -p 512 -n 64 -d 0,8192 -r 3 -t 12",1621.17±1.86,35.44±0.04,218.75±1.77,29.12±0.21,84,4.93,0,2298
envs,OPT0,2,8B,1,600,2400,base,1000,GGML_SYCL_ENABLE_OPT=0,ONEAPI_DEVICE_SELECTOR=level_zero:0 GGML_SYCL_ENABLE_GRAPH=1 GGML_SYCL_GRAPH_EVICTION_TIMEOUT=300 GGML_SYCL_XE_COPY_ENGINE_DEFAULT=0 GGML_SYCL_FA_LARGE_GRF=1 GGML_SYCL_ENABLE_OPT=0,"-m Llama-3.1-8B-Q4_K_M -ngl 99 -fa 1 -ctk q8_0 -ctv q8_0 -p 512 -n 64 -d 0,8192 -r 3 -t 12",1620.11±1.85,35.44±0.04,219.59±1.96,29.10±0.21,85,4.03,0,2295
envs,PINNED0,0,8B,1,600,2400,base,1000,GGML_SYCL_ENABLE_HOST_PINNED_MEM=0,ONEAPI_DEVICE_SELECTOR=level_zero:0 GGML_SYCL_ENABLE_GRAPH=1 GGML_SYCL_GRAPH_EVICTION_TIMEOUT=300 GGML_SYCL_XE_COPY_ENGINE_DEFAULT=0 GGML_SYCL_FA_LARGE_GRF=1 GGML_SYCL_ENABLE_HOST_PINNED_MEM=0,"-m Llama-3.1-8B-Q4_K_M -ngl 99 -fa 1 -ctk q8_0 -ctv q8_0 -p 512 -n 64 -d 0,8192 -r 3 -t 12",1634.49±1.55,61.36±0.12,219.36±1.31,44.74±0.41,82,3.30,0,2298
envs,PINNED0,1,8B,1,600,2400,base,1000,GGML_SYCL_ENABLE_HOST_PINNED_MEM=0,ONEAPI_DEVICE_SELECTOR=level_zero:0 GGML_SYCL_ENABLE_GRAPH=1 GGML_SYCL_GRAPH_EVICTION_TIMEOUT=300 GGML_SYCL_XE_COPY_ENGINE_DEFAULT=0 GGML_SYCL_FA_LARGE_GRF=1 GGML_SYCL_ENABLE_HOST_PINNED_MEM=0,"-m Llama-3.1-8B-Q4_K_M -ngl 99 -fa 1 -ctk q8_0 -ctv q8_0 -p 512 -n 64 -d 0,8192 -r 3 -t 12",1634.23±1.12,61.39±0.11,218.93±2.26,44.77±0.50,84,4.37,0,2261
envs,PINNED0,2,8B,1,600,2400,base,1000,GGML_SYCL_ENABLE_HOST_PINNED_MEM=0,ONEAPI_DEVICE_SELECTOR=level_zero:0 GGML_SYCL_ENABLE_GRAPH=1 GGML_SYCL_GRAPH_EVICTION_TIMEOUT=300 GGML_SYCL_XE_COPY_ENGINE_DEFAULT=0 GGML_SYCL_FA_LARGE_GRF=1 GGML_SYCL_ENABLE_HOST_PINNED_MEM=0,"-m Llama-3.1-8B-Q4_K_M -ngl 99 -fa 1 -ctk q8_0 -ctv q8_0 -p 512 -n 64 -d 0,8192 -r 3 -t 12",1633.99±1.93,61.37±0.08,218.98±1.93,44.84±0.28,82,4.35,0,2228
envs,Q8GQATILE,0,8B,1,600,2400,base,1000,GGML_SYCL_FA_Q8_GQA_TILE=1,ONEAPI_DEVICE_SELECTOR=level_zero:0 GGML_SYCL_ENABLE_GRAPH=1 GGML_SYCL_GRAPH_EVICTION_TIMEOUT=300 GGML_SYCL_XE_COPY_ENGINE_DEFAULT=0 GGML_SYCL_FA_LARGE_GRF=1 GGML_SYCL_FA_Q8_GQA_TILE=1,"-m Llama-3.1-8B-Q4_K_M -ngl 99 -fa 1 -ctk q8_0 -ctv q8_0 -p 512 -n 64 -d 0,8192 -r 3 -t 12",1633.55±1.31,58.46±0.12,219.16±2.20,33.37±0.19,91,2.50,0,2291
envs,Q8GQATILE,1,8B,1,600,2400,base,1000,GGML_SYCL_FA_Q8_GQA_TILE=1,ONEAPI_DEVICE_SELECTOR=level_zero:0 GGML_SYCL_ENABLE_GRAPH=1 GGML_SYCL_GRAPH_EVICTION_TIMEOUT=300 GGML_SYCL_XE_COPY_ENGINE_DEFAULT=0 GGML_SYCL_FA_LARGE_GRF=1 GGML_SYCL_FA_Q8_GQA_TILE=1,"-m Llama-3.1-8B-Q4_K_M -ngl 99 -fa 1 -ctk q8_0 -ctv q8_0 -p 512 -n 64 -d 0,8192 -r 3 -t 12",1633.13±1.47,58.34±0.11,218.28±1.16,33.32±0.24,82,3.93,0,2212
envs,Q8GQATILE,2,8B,1,600,2400,base,1000,GGML_SYCL_FA_Q8_GQA_TILE=1,ONEAPI_DEVICE_SELECTOR=level_zero:0 GGML_SYCL_ENABLE_GRAPH=1 GGML_SYCL_GRAPH_EVICTION_TIMEOUT=300 GGML_SYCL_XE_COPY_ENGINE_DEFAULT=0 GGML_SYCL_FA_LARGE_GRF=1 GGML_SYCL_FA_Q8_GQA_TILE=1,"-m Llama-3.1-8B-Q4_K_M -ngl 99 -fa 1 -ctk q8_0 -ctv q8_0 -p 512 -n 64 -d 0,8192 -r 3 -t 12",1631.65±0.22,58.37±0.18,218.56±0.78,33.33±0.20,85,4.32,0,2307
envs,Q8QF0,0,8B,1,600,2400,base,1000,GGML_SYCL_Q8_KV_QUANTS_FIRST=0,ONEAPI_DEVICE_SELECTOR=level_zero:0 GGML_SYCL_ENABLE_GRAPH=1 GGML_SYCL_GRAPH_EVICTION_TIMEOUT=300 GGML_SYCL_XE_COPY_ENGINE_DEFAULT=0 GGML_SYCL_FA_LARGE_GRF=1 GGML_SYCL_Q8_KV_QUANTS_FIRST=0,"-m Llama-3.1-8B-Q4_K_M -ngl 99 -fa 1 -ctk q8_0 -ctv q8_0 -p 512 -n 64 -d 0,8192 -r 3 -t 12",1631.00±0.51,63.40±0.06,221.56±0.98,37.91±0.07,93,2.10,0,2322
envs,Q8QF0,1,8B,1,600,2400,base,1000,GGML_SYCL_Q8_KV_QUANTS_FIRST=0,ONEAPI_DEVICE_SELECTOR=level_zero:0 GGML_SYCL_ENABLE_GRAPH=1 GGML_SYCL_GRAPH_EVICTION_TIMEOUT=300 GGML_SYCL_XE_COPY_ENGINE_DEFAULT=0 GGML_SYCL_FA_LARGE_GRF=1 GGML_SYCL_Q8_KV_QUANTS_FIRST=0,"-m Llama-3.1-8B-Q4_K_M -ngl 99 -fa 1 -ctk q8_0 -ctv q8_0 -p 512 -n 64 -d 0,8192 -r 3 -t 12",1630.08±0.82,63.26±0.13,220.82±0.22,37.83±0.07,70,4.06,0,2369
envs,Q8QF0,2,8B,1,600,2400,base,1000,GGML_SYCL_Q8_KV_QUANTS_FIRST=0,ONEAPI_DEVICE_SELECTOR=level_zero:0 GGML_SYCL_ENABLE_GRAPH=1 GGML_SYCL_GRAPH_EVICTION_TIMEOUT=300 GGML_SYCL_XE_COPY_ENGINE_DEFAULT=0 GGML_SYCL_FA_LARGE_GRF=1 GGML_SYCL_Q8_KV_QUANTS_FIRST=0,"-m Llama-3.1-8B-Q4_K_M -ngl 99 -fa 1 -ctk q8_0 -ctv q8_0 -p 512 -n 64 -d 0,8192 -r 3 -t 12",1629.48±1.53,63.24±0.16,220.84±1.28,37.86±0.07,83,4.08,0,2326
envs,VECSTD,0,8B,1,600,2400,base,1000,GGML_SYCL_FA_FORCE_VEC_STANDARD=1,ONEAPI_DEVICE_SELECTOR=level_zero:0 GGML_SYCL_ENABLE_GRAPH=1 GGML_SYCL_GRAPH_EVICTION_TIMEOUT=300 GGML_SYCL_XE_COPY_ENGINE_DEFAULT=0 GGML_SYCL_FA_LARGE_GRF=1 GGML_SYCL_FA_FORCE_VEC_STANDARD=1,"-m Llama-3.1-8B-Q4_K_M -ngl 99 -fa 1 -ctk q8_0 -ctv q8_0 -p 512 -n 64 -d 0,8192 -r 3 -t 12",1633.50±1.71,62.13±0.12,219.39±2.13,45.20±0.41,92,2.51,0,2239
envs,VECSTD,1,8B,1,600,2400,base,1000,GGML_SYCL_FA_FORCE_VEC_STANDARD=1,ONEAPI_DEVICE_SELECTOR=level_zero:0 GGML_SYCL_ENABLE_GRAPH=1 GGML_SYCL_GRAPH_EVICTION_TIMEOUT=300 GGML_SYCL_XE_COPY_ENGINE_DEFAULT=0 GGML_SYCL_FA_LARGE_GRF=1 GGML_SYCL_FA_FORCE_VEC_STANDARD=1,"-m Llama-3.1-8B-Q4_K_M -ngl 99 -fa 1 -ctk q8_0 -ctv q8_0 -p 512 -n 64 -d 0,8192 -r 3 -t 12",1632.31±0.81,61.92±0.05,218.39±3.00,45.16±0.30,84,4.48,0,2293
envs,VECSTD,2,8B,1,600,2400,base,1000,GGML_SYCL_FA_FORCE_VEC_STANDARD=1,ONEAPI_DEVICE_SELECTOR=level_zero:0 GGML_SYCL_ENABLE_GRAPH=1 GGML_SYCL_GRAPH_EVICTION_TIMEOUT=300 GGML_SYCL_XE_COPY_ENGINE_DEFAULT=0 GGML_SYCL_FA_LARGE_GRF=1 GGML_SYCL_FA_FORCE_VEC_STANDARD=1,"-m Llama-3.1-8B-Q4_K_M -ngl 99 -fa 1 -ctk q8_0 -ctv q8_0 -p 512 -n 64 -d 0,8192 -r 3 -t 12",1632.85±2.84,62.08±0.11,219.45±1.91,45.24±0.29,84,4.21,0,2313
envs,VMM0,0,8B,1,600,2400,base,1000,GGML_SYCL_ENABLE_VMM=0,ONEAPI_DEVICE_SELECTOR=level_zero:0 GGML_SYCL_ENABLE_GRAPH=1 GGML_SYCL_GRAPH_EVICTION_TIMEOUT=300 GGML_SYCL_XE_COPY_ENGINE_DEFAULT=0 GGML_SYCL_FA_LARGE_GRF=1 GGML_SYCL_ENABLE_VMM=0,"-m Llama-3.1-8B-Q4_K_M -ngl 99 -fa 1 -ctk q8_0 -ctv q8_0 -p 512 -n 64 -d 0,8192 -r 3 -t 12",1633.07±0.72,62.12±0.09,212.81±1.59,45.13±0.36,85,4.25,0,2284
envs,VMM0,1,8B,1,600,2400,base,1000,GGML_SYCL_ENABLE_VMM=0,ONEAPI_DEVICE_SELECTOR=level_zero:0 GGML_SYCL_ENABLE_GRAPH=1 GGML_SYCL_GRAPH_EVICTION_TIMEOUT=300 GGML_SYCL_XE_COPY_ENGINE_DEFAULT=0 GGML_SYCL_FA_LARGE_GRF=1 GGML_SYCL_ENABLE_VMM=0,"-m Llama-3.1-8B-Q4_K_M -ngl 99 -fa 1 -ctk q8_0 -ctv q8_0 -p 512 -n 64 -d 0,8192 -r 3 -t 12",1632.55±0.65,62.20±0.15,212.93±2.54,45.20±0.36,85,3.92,0,2286
envs,VMM0,2,8B,1,600,2400,base,1000,GGML_SYCL_ENABLE_VMM=0,ONEAPI_DEVICE_SELECTOR=level_zero:0 GGML_SYCL_ENABLE_GRAPH=1 GGML_SYCL_GRAPH_EVICTION_TIMEOUT=300 GGML_SYCL_XE_COPY_ENGINE_DEFAULT=0 GGML_SYCL_FA_LARGE_GRF=1 GGML_SYCL_ENABLE_VMM=0,"-m Llama-3.1-8B-Q4_K_M -ngl 99 -fa 1 -ctk q8_0 -ctv q8_0 -p 512 -n 64 -d 0,8192 -r 3 -t 12",1632.81±0.48,62.14±0.15,212.95±1.93,45.22±0.46,85,4.14,0,2248
envs,WG32,0,8B,1,600,2400,base,1000,GGML_SYCL_MAX_WG_PER_CU=32,ONEAPI_DEVICE_SELECTOR=level_zero:0 GGML_SYCL_ENABLE_GRAPH=1 GGML_SYCL_GRAPH_EVICTION_TIMEOUT=300 GGML_SYCL_XE_COPY_ENGINE_DEFAULT=0 GGML_SYCL_FA_LARGE_GRF=1 GGML_SYCL_MAX_WG_PER_CU=32,"-m Llama-3.1-8B-Q4_K_M -ngl 99 -fa 1 -ctk q8_0 -ctv q8_0 -p 512 -n 64 -d 0,8192 -r 3 -t 12",1637.28±2.62,62.31±0.10,220.33±1.91,46.10±0.31,92,2.98,0,2285
envs,WG32,1,8B,1,600,2400,base,1000,GGML_SYCL_MAX_WG_PER_CU=32,ONEAPI_DEVICE_SELECTOR=level_zero:0 GGML_SYCL_ENABLE_GRAPH=1 GGML_SYCL_GRAPH_EVICTION_TIMEOUT=300 GGML_SYCL_XE_COPY_ENGINE_DEFAULT=0 GGML_SYCL_FA_LARGE_GRF=1 GGML_SYCL_MAX_WG_PER_CU=32,"-m Llama-3.1-8B-Q4_K_M -ngl 99 -fa 1 -ctk q8_0 -ctv q8_0 -p 512 -n 64 -d 0,8192 -r 3 -t 12",1632.75±1.10,62.05±0.14,218.94±2.22,45.89±0.37,85,4.78,0,2244
envs,WG32,2,8B,1,600,2400,base,1000,GGML_SYCL_MAX_WG_PER_CU=32,ONEAPI_DEVICE_SELECTOR=level_zero:0 GGML_SYCL_ENABLE_GRAPH=1 GGML_SYCL_GRAPH_EVICTION_TIMEOUT=300 GGML_SYCL_XE_COPY_ENGINE_DEFAULT=0 GGML_SYCL_FA_LARGE_GRF=1 GGML_SYCL_MAX_WG_PER_CU=32,"-m Llama-3.1-8B-Q4_K_M -ngl 99 -fa 1 -ctk q8_0 -ctv q8_0 -p 512 -n 64 -d 0,8192 -r 3 -t 12",1633.88±1.61,61.97±0.09,219.93±2.79,45.87±0.42,84,3.48,0,2309
envs,WG8,0,8B,1,600,2400,base,1000,GGML_SYCL_MAX_WG_PER_CU=8,ONEAPI_DEVICE_SELECTOR=level_zero:0 GGML_SYCL_ENABLE_GRAPH=1 GGML_SYCL_GRAPH_EVICTION_TIMEOUT=300 GGML_SYCL_XE_COPY_ENGINE_DEFAULT=0 GGML_SYCL_FA_LARGE_GRF=1 GGML_SYCL_MAX_WG_PER_CU=8,"-m Llama-3.1-8B-Q4_K_M -ngl 99 -fa 1 -ctk q8_0 -ctv q8_0 -p 512 -n 64 -d 0,8192 -r 3 -t 12",1633.78±2.02,62.28±0.10,219.91±1.79,42.32±0.38,92,2.77,0,2167
envs,WG8,1,8B,1,600,2400,base,1000,GGML_SYCL_MAX_WG_PER_CU=8,ONEAPI_DEVICE_SELECTOR=level_zero:0 GGML_SYCL_ENABLE_GRAPH=1 GGML_SYCL_GRAPH_EVICTION_TIMEOUT=300 GGML_SYCL_XE_COPY_ENGINE_DEFAULT=0 GGML_SYCL_FA_LARGE_GRF=1 GGML_SYCL_MAX_WG_PER_CU=8,"-m Llama-3.1-8B-Q4_K_M -ngl 99 -fa 1 -ctk q8_0 -ctv q8_0 -p 512 -n 64 -d 0,8192 -r 3 -t 12",1632.76±1.95,62.08±0.14,219.03±1.89,42.32±0.15,84,4.88,0,2254
envs,WG8,2,8B,1,600,2400,base,1000,GGML_SYCL_MAX_WG_PER_CU=8,ONEAPI_DEVICE_SELECTOR=level_zero:0 GGML_SYCL_ENABLE_GRAPH=1 GGML_SYCL_GRAPH_EVICTION_TIMEOUT=300 GGML_SYCL_XE_COPY_ENGINE_DEFAULT=0 GGML_SYCL_FA_LARGE_GRF=1 GGML_SYCL_MAX_WG_PER_CU=8,"-m Llama-3.1-8B-Q4_K_M -ngl 99 -fa 1 -ctk q8_0 -ctv q8_0 -p 512 -n 64 -d 0,8192 -r 3 -t 12",1631.73±0.31,62.03±0.09,219.71±1.53,42.19±0.36,85,3.52,0,2250
envs,base,0,8B,1,600,2400,base,1000,(none),ONEAPI_DEVICE_SELECTOR=level_zero:0 GGML_SYCL_ENABLE_GRAPH=1 GGML_SYCL_GRAPH_EVICTION_TIMEOUT=300 GGML_SYCL_XE_COPY_ENGINE_DEFAULT=0 GGML_SYCL_FA_LARGE_GRF=1,"-m Llama-3.1-8B-Q4_K_M -ngl 99 -fa 1 -ctk q8_0 -ctv q8_0 -p 512 -n 64 -d 0,8192 -r 3 -t 12",1635.05±0.52,62.29±0.11,219.35±1.76,45.21±0.36,93,2.62,0,2239
envs,base,1,8B,1,600,2400,base,1000,(none),ONEAPI_DEVICE_SELECTOR=level_zero:0 GGML_SYCL_ENABLE_GRAPH=1 GGML_SYCL_GRAPH_EVICTION_TIMEOUT=300 GGML_SYCL_XE_COPY_ENGINE_DEFAULT=0 GGML_SYCL_FA_LARGE_GRF=1,"-m Llama-3.1-8B-Q4_K_M -ngl 99 -fa 1 -ctk q8_0 -ctv q8_0 -p 512 -n 64 -d 0,8192 -r 3 -t 12",1633.45±0.14,62.03±0.11,219.08±0.91,45.10±0.49,85,4.21,0,2280
envs,base,2,8B,1,600,2400,base,1000,(none),ONEAPI_DEVICE_SELECTOR=level_zero:0 GGML_SYCL_ENABLE_GRAPH=1 GGML_SYCL_GRAPH_EVICTION_TIMEOUT=300 GGML_SYCL_XE_COPY_ENGINE_DEFAULT=0 GGML_SYCL_FA_LARGE_GRF=1,"-m Llama-3.1-8B-Q4_K_M -ngl 99 -fa 1 -ctk q8_0 -ctv q8_0 -p 512 -n 64 -d 0,8192 -r 3 -t 12",1634.10±0.21,62.01±0.11,219.40±0.50,45.18±0.36,84,3.54,0,2248
il,ccs1.il0,0,8B,1,600,2400,base,1000,SYCL_PI_LEVEL_ZERO_USE_IMMEDIATE_COMMANDLISTS=0,ONEAPI_DEVICE_SELECTOR=level_zero:0 GGML_SYCL_ENABLE_GRAPH=1 GGML_SYCL_GRAPH_EVICTION_TIMEOUT=300 GGML_SYCL_XE_COPY_ENGINE_DEFAULT=0 GGML_SYCL_FA_LARGE_GRF=1 SYCL_PI_LEVEL_ZERO_USE_IMMEDIATE_COMMANDLISTS=0,"-m Llama-3.1-8B-Q4_K_M -ngl 99 -fa 1 -ctk q8_0 -ctv q8_0 -p 512 -n 64 -d 0,8192 -r 3 -t 12",1627.99±4.99,58.90±0.13,212.83±0.61,43.02±0.23,83,3.85,0,2312
il,ccs1.il0,1,8B,1,600,2400,base,1000,SYCL_PI_LEVEL_ZERO_USE_IMMEDIATE_COMMANDLISTS=0,ONEAPI_DEVICE_SELECTOR=level_zero:0 GGML_SYCL_ENABLE_GRAPH=1 GGML_SYCL_GRAPH_EVICTION_TIMEOUT=300 GGML_SYCL_XE_COPY_ENGINE_DEFAULT=0 GGML_SYCL_FA_LARGE_GRF=1 SYCL_PI_LEVEL_ZERO_USE_IMMEDIATE_COMMANDLISTS=0,"-m Llama-3.1-8B-Q4_K_M -ngl 99 -fa 1 -ctk q8_0 -ctv q8_0 -p 512 -n 64 -d 0,8192 -r 3 -t 12",1629.24±3.87,59.19±0.13,213.45±1.55,42.98±0.23,79,4.56,0,2269
il,ccs1.il0,2,8B,1,600,2400,base,1000,SYCL_PI_LEVEL_ZERO_USE_IMMEDIATE_COMMANDLISTS=0,ONEAPI_DEVICE_SELECTOR=level_zero:0 GGML_SYCL_ENABLE_GRAPH=1 GGML_SYCL_GRAPH_EVICTION_TIMEOUT=300 GGML_SYCL_XE_COPY_ENGINE_DEFAULT=0 GGML_SYCL_FA_LARGE_GRF=1 SYCL_PI_LEVEL_ZERO_USE_IMMEDIATE_COMMANDLISTS=0,"-m Llama-3.1-8B-Q4_K_M -ngl 99 -fa 1 -ctk q8_0 -ctv q8_0 -p 512 -n 64 -d 0,8192 -r 3 -t 12",1628.23±3.58,59.15±0.08,212.46±0.23,43.06±0.13,84,4.36,0,2266
il,ccs1.il1,0,8B,1,600,2400,base,1000,SYCL_PI_LEVEL_ZERO_USE_IMMEDIATE_COMMANDLISTS=1,ONEAPI_DEVICE_SELECTOR=level_zero:0 GGML_SYCL_ENABLE_GRAPH=1 GGML_SYCL_GRAPH_EVICTION_TIMEOUT=300 GGML_SYCL_XE_COPY_ENGINE_DEFAULT=0 GGML_SYCL_FA_LARGE_GRF=1 SYCL_PI_LEVEL_ZERO_USE_IMMEDIATE_COMMANDLISTS=1,"-m Llama-3.1-8B-Q4_K_M -ngl 99 -fa 1 -ctk q8_0 -ctv q8_0 -p 512 -n 64 -d 0,8192 -r 3 -t 12",1632.67±0.50,62.10±0.08,218.51±1.72,45.17±0.41,83,3.33,0,2296
il,ccs1.il1,1,8B,1,600,2400,base,1000,SYCL_PI_LEVEL_ZERO_USE_IMMEDIATE_COMMANDLISTS=1,ONEAPI_DEVICE_SELECTOR=level_zero:0 GGML_SYCL_ENABLE_GRAPH=1 GGML_SYCL_GRAPH_EVICTION_TIMEOUT=300 GGML_SYCL_XE_COPY_ENGINE_DEFAULT=0 GGML_SYCL_FA_LARGE_GRF=1 SYCL_PI_LEVEL_ZERO_USE_IMMEDIATE_COMMANDLISTS=1,"-m Llama-3.1-8B-Q4_K_M -ngl 99 -fa 1 -ctk q8_0 -ctv q8_0 -p 512 -n 64 -d 0,8192 -r 3 -t 12",1631.81±1.62,61.93±0.20,219.05±1.30,45.11±0.36,84,4.37,0,2215
il,ccs1.il1,2,8B,1,600,2400,base,1000,SYCL_PI_LEVEL_ZERO_USE_IMMEDIATE_COMMANDLISTS=1,ONEAPI_DEVICE_SELECTOR=level_zero:0 GGML_SYCL_ENABLE_GRAPH=1 GGML_SYCL_GRAPH_EVICTION_TIMEOUT=300 GGML_SYCL_XE_COPY_ENGINE_DEFAULT=0 GGML_SYCL_FA_LARGE_GRF=1 SYCL_PI_LEVEL_ZERO_USE_IMMEDIATE_COMMANDLISTS=1,"-m Llama-3.1-8B-Q4_K_M -ngl 99 -fa 1 -ctk q8_0 -ctv q8_0 -p 512 -n 64 -d 0,8192 -r 3 -t 12",1632.71±0.38,61.99±0.11,219.86±2.17,45.20±0.34,84,4.44,0,2270
il,ccs2.il0,0,8B,2,600,2400,base,1000,SYCL_PI_LEVEL_ZERO_USE_IMMEDIATE_COMMANDLISTS=0,ONEAPI_DEVICE_SELECTOR=level_zero:0 GGML_SYCL_ENABLE_GRAPH=1 GGML_SYCL_GRAPH_EVICTION_TIMEOUT=300 GGML_SYCL_XE_COPY_ENGINE_DEFAULT=0 GGML_SYCL_FA_LARGE_GRF=1 SYCL_PI_LEVEL_ZERO_USE_IMMEDIATE_COMMANDLISTS=0,"-m Llama-3.1-8B-Q4_K_M -ngl 99 -fa 1 -ctk q8_0 -ctv q8_0 -p 512 -n 64 -d 0,8192 -r 3 -t 12",1161.12±2.54,48.67±0.09,201.13±1.36,31.57±0.11,84,4.66,0,2238
il,ccs2.il0,1,8B,2,600,2400,base,1000,SYCL_PI_LEVEL_ZERO_USE_IMMEDIATE_COMMANDLISTS=0,ONEAPI_DEVICE_SELECTOR=level_zero:0 GGML_SYCL_ENABLE_GRAPH=1 GGML_SYCL_GRAPH_EVICTION_TIMEOUT=300 GGML_SYCL_XE_COPY_ENGINE_DEFAULT=0 GGML_SYCL_FA_LARGE_GRF=1 SYCL_PI_LEVEL_ZERO_USE_IMMEDIATE_COMMANDLISTS=0,"-m Llama-3.1-8B-Q4_K_M -ngl 99 -fa 1 -ctk q8_0 -ctv q8_0 -p 512 -n 64 -d 0,8192 -r 3 -t 12",1160.48±2.54,48.63±0.12,199.70±0.29,31.56±0.14,83,4.45,0,2186
il,ccs2.il0,2,8B,2,600,2400,base,1000,SYCL_PI_LEVEL_ZERO_USE_IMMEDIATE_COMMANDLISTS=0,ONEAPI_DEVICE_SELECTOR=level_zero:0 GGML_SYCL_ENABLE_GRAPH=1 GGML_SYCL_GRAPH_EVICTION_TIMEOUT=300 GGML_SYCL_XE_COPY_ENGINE_DEFAULT=0 GGML_SYCL_FA_LARGE_GRF=1 SYCL_PI_LEVEL_ZERO_USE_IMMEDIATE_COMMANDLISTS=0,"-m Llama-3.1-8B-Q4_K_M -ngl 99 -fa 1 -ctk q8_0 -ctv q8_0 -p 512 -n 64 -d 0,8192 -r 3 -t 12",1160.62±2.14,48.74±0.02,200.44±1.48,31.54±0.13,85,4.21,0,2325
il,ccs2.il1,0,8B,2,600,2400,base,1000,SYCL_PI_LEVEL_ZERO_USE_IMMEDIATE_COMMANDLISTS=1,ONEAPI_DEVICE_SELECTOR=level_zero:0 GGML_SYCL_ENABLE_GRAPH=1 GGML_SYCL_GRAPH_EVICTION_TIMEOUT=300 GGML_SYCL_XE_COPY_ENGINE_DEFAULT=0 GGML_SYCL_FA_LARGE_GRF=1 SYCL_PI_LEVEL_ZERO_USE_IMMEDIATE_COMMANDLISTS=1,"-m Llama-3.1-8B-Q4_K_M -ngl 99 -fa 1 -ctk q8_0 -ctv q8_0 -p 512 -n 64 -d 0,8192 -r 3 -t 12",1162.46±1.63,50.61±0.07,206.42±1.94,32.69±0.25,83,4.48,0,2189
il,ccs2.il1,1,8B,2,600,2400,base,1000,SYCL_PI_LEVEL_ZERO_USE_IMMEDIATE_COMMANDLISTS=1,ONEAPI_DEVICE_SELECTOR=level_zero:0 GGML_SYCL_ENABLE_GRAPH=1 GGML_SYCL_GRAPH_EVICTION_TIMEOUT=300 GGML_SYCL_XE_COPY_ENGINE_DEFAULT=0 GGML_SYCL_FA_LARGE_GRF=1 SYCL_PI_LEVEL_ZERO_USE_IMMEDIATE_COMMANDLISTS=1,"-m Llama-3.1-8B-Q4_K_M -ngl 99 -fa 1 -ctk q8_0 -ctv q8_0 -p 512 -n 64 -d 0,8192 -r 3 -t 12",1163.45±0.16,50.57±0.06,206.09±0.74,32.68±0.21,81,4.59,0,2276
il,ccs2.il1,2,8B,2,600,2400,base,1000,SYCL_PI_LEVEL_ZERO_USE_IMMEDIATE_COMMANDLISTS=1,ONEAPI_DEVICE_SELECTOR=level_zero:0 GGML_SYCL_ENABLE_GRAPH=1 GGML_SYCL_GRAPH_EVICTION_TIMEOUT=300 GGML_SYCL_XE_COPY_ENGINE_DEFAULT=0 GGML_SYCL_FA_LARGE_GRF=1 SYCL_PI_LEVEL_ZERO_USE_IMMEDIATE_COMMANDLISTS=1,"-m Llama-3.1-8B-Q4_K_M -ngl 99 -fa 1 -ctk q8_0 -ctv q8_0 -p 512 -n 64 -d 0,8192 -r 3 -t 12",1162.65±1.82,50.62±0.08,205.56±1.04,32.64±0.25,84,3.35,0,2176
il,ccs4.il0,0,8B,4,600,2400,base,1000,SYCL_PI_LEVEL_ZERO_USE_IMMEDIATE_COMMANDLISTS=0,ONEAPI_DEVICE_SELECTOR=level_zero:0 GGML_SYCL_ENABLE_GRAPH=1 GGML_SYCL_GRAPH_EVICTION_TIMEOUT=300 GGML_SYCL_XE_COPY_ENGINE_DEFAULT=0 GGML_SYCL_FA_LARGE_GRF=1 SYCL_PI_LEVEL_ZERO_USE_IMMEDIATE_COMMANDLISTS=0,"-m Llama-3.1-8B-Q4_K_M -ngl 99 -fa 1 -ctk q8_0 -ctv q8_0 -p 512 -n 64 -d 0,8192 -r 3 -t 12",623.30±0.81,29.41±0.03,175.36±1.02,18.15±0.03,83,4.02,0,2212
il,ccs4.il0,1,8B,4,600,2400,base,1000,SYCL_PI_LEVEL_ZERO_USE_IMMEDIATE_COMMANDLISTS=0,ONEAPI_DEVICE_SELECTOR=level_zero:0 GGML_SYCL_ENABLE_GRAPH=1 GGML_SYCL_GRAPH_EVICTION_TIMEOUT=300 GGML_SYCL_XE_COPY_ENGINE_DEFAULT=0 GGML_SYCL_FA_LARGE_GRF=1 SYCL_PI_LEVEL_ZERO_USE_IMMEDIATE_COMMANDLISTS=0,"-m Llama-3.1-8B-Q4_K_M -ngl 99 -fa 1 -ctk q8_0 -ctv q8_0 -p 512 -n 64 -d 0,8192 -r 3 -t 12",623.60±0.68,29.40±0.02,174.27±0.54,18.13±0.03,80,4.50,0,2233
il,ccs4.il0,2,8B,4,600,2400,base,1000,SYCL_PI_LEVEL_ZERO_USE_IMMEDIATE_COMMANDLISTS=0,ONEAPI_DEVICE_SELECTOR=level_zero:0 GGML_SYCL_ENABLE_GRAPH=1 GGML_SYCL_GRAPH_EVICTION_TIMEOUT=300 GGML_SYCL_XE_COPY_ENGINE_DEFAULT=0 GGML_SYCL_FA_LARGE_GRF=1 SYCL_PI_LEVEL_ZERO_USE_IMMEDIATE_COMMANDLISTS=0,"-m Llama-3.1-8B-Q4_K_M -ngl 99 -fa 1 -ctk q8_0 -ctv q8_0 -p 512 -n 64 -d 0,8192 -r 3 -t 12",623.40±0.61,29.42±0.03,175.18±0.25,18.16±0.07,79,4.99,0,2214
il,ccs4.il1,0,8B,4,600,2400,base,1000,SYCL_PI_LEVEL_ZERO_USE_IMMEDIATE_COMMANDLISTS=1,ONEAPI_DEVICE_SELECTOR=level_zero:0 GGML_SYCL_ENABLE_GRAPH=1 GGML_SYCL_GRAPH_EVICTION_TIMEOUT=300 GGML_SYCL_XE_COPY_ENGINE_DEFAULT=0 GGML_SYCL_FA_LARGE_GRF=1 SYCL_PI_LEVEL_ZERO_USE_IMMEDIATE_COMMANDLISTS=1,"-m Llama-3.1-8B-Q4_K_M -ngl 99 -fa 1 -ctk q8_0 -ctv q8_0 -p 512 -n 64 -d 0,8192 -r 3 -t 12",623.95±0.22,30.15±0.02,178.19±0.42,18.54±0.07,82,3.58,0,2260
il,ccs4.il1,1,8B,4,600,2400,base,1000,SYCL_PI_LEVEL_ZERO_USE_IMMEDIATE_COMMANDLISTS=1,ONEAPI_DEVICE_SELECTOR=level_zero:0 GGML_SYCL_ENABLE_GRAPH=1 GGML_SYCL_GRAPH_EVICTION_TIMEOUT=300 GGML_SYCL_XE_COPY_ENGINE_DEFAULT=0 GGML_SYCL_FA_LARGE_GRF=1 SYCL_PI_LEVEL_ZERO_USE_IMMEDIATE_COMMANDLISTS=1,"-m Llama-3.1-8B-Q4_K_M -ngl 99 -fa 1 -ctk q8_0 -ctv q8_0 -p 512 -n 64 -d 0,8192 -r 3 -t 12",623.68±0.23,30.15±0.03,178.62±1.43,18.54±0.08,84,4.69,0,2271
il,ccs4.il1,2,8B,4,600,2400,base,1000,SYCL_PI_LEVEL_ZERO_USE_IMMEDIATE_COMMANDLISTS=1,ONEAPI_DEVICE_SELECTOR=level_zero:0 GGML_SYCL_ENABLE_GRAPH=1 GGML_SYCL_GRAPH_EVICTION_TIMEOUT=300 GGML_SYCL_XE_COPY_ENGINE_DEFAULT=0 GGML_SYCL_FA_LARGE_GRF=1 SYCL_PI_LEVEL_ZERO_USE_IMMEDIATE_COMMANDLISTS=1,"-m Llama-3.1-8B-Q4_K_M -ngl 99 -fa 1 -ctk q8_0 -ctv q8_0 -p 512 -n 64 -d 0,8192 -r 3 -t 12",623.82±0.07,30.16±0.03,178.44±0.79,18.53±0.08,85,4.61,0,2271
freq,def,0,8B,1,600,2400,base,1000,(none),ONEAPI_DEVICE_SELECTOR=level_zero:0 GGML_SYCL_ENABLE_GRAPH=1 GGML_SYCL_GRAPH_EVICTION_TIMEOUT=300 GGML_SYCL_XE_COPY_ENGINE_DEFAULT=0 GGML_SYCL_FA_LARGE_GRF=1,"-m Llama-3.1-8B-Q4_K_M -ngl 99 -fa 1 -ctk q8_0 -ctv q8_0 -p 512 -n 64 -d 0,8192 -r 3 -t 12",1631.08±2.02,62.09±0.13,219.14±1.80,45.09±0.31,84,3.72,0,2226
freq,def,1,8B,1,600,2400,base,1000,(none),ONEAPI_DEVICE_SELECTOR=level_zero:0 GGML_SYCL_ENABLE_GRAPH=1 GGML_SYCL_GRAPH_EVICTION_TIMEOUT=300 GGML_SYCL_XE_COPY_ENGINE_DEFAULT=0 GGML_SYCL_FA_LARGE_GRF=1,"-m Llama-3.1-8B-Q4_K_M -ngl 99 -fa 1 -ctk q8_0 -ctv q8_0 -p 512 -n 64 -d 0,8192 -r 3 -t 12",1630.66±0.64,61.97±0.21,218.97±1.66,45.01±0.40,80,5.70,0,2274
freq,def,2,8B,1,600,2400,base,1000,(none),ONEAPI_DEVICE_SELECTOR=level_zero:0 GGML_SYCL_ENABLE_GRAPH=1 GGML_SYCL_GRAPH_EVICTION_TIMEOUT=300 GGML_SYCL_XE_COPY_ENGINE_DEFAULT=0 GGML_SYCL_FA_LARGE_GRF=1,"-m Llama-3.1-8B-Q4_K_M -ngl 99 -fa 1 -ctk q8_0 -ctv q8_0 -p 512 -n 64 -d 0,8192 -r 3 -t 12",1636.07±1.95,62.28±0.12,219.34±1.39,45.47±0.18,95,1.20,0,2330
freq,floor1500,0,8B,1,1500,2400,base,1000,(none),ONEAPI_DEVICE_SELECTOR=level_zero:0 GGML_SYCL_ENABLE_GRAPH=1 GGML_SYCL_GRAPH_EVICTION_TIMEOUT=300 GGML_SYCL_XE_COPY_ENGINE_DEFAULT=0 GGML_SYCL_FA_LARGE_GRF=1,"-m Llama-3.1-8B-Q4_K_M -ngl 99 -fa 1 -ctk q8_0 -ctv q8_0 -p 512 -n 64 -d 0,8192 -r 3 -t 12",1632.86±1.09,62.02±0.06,219.10±1.72,45.27±0.23,84,3.54,0,2300
freq,floor1500,1,8B,1,1500,2400,base,1000,(none),ONEAPI_DEVICE_SELECTOR=level_zero:0 GGML_SYCL_ENABLE_GRAPH=1 GGML_SYCL_GRAPH_EVICTION_TIMEOUT=300 GGML_SYCL_XE_COPY_ENGINE_DEFAULT=0 GGML_SYCL_FA_LARGE_GRF=1,"-m Llama-3.1-8B-Q4_K_M -ngl 99 -fa 1 -ctk q8_0 -ctv q8_0 -p 512 -n 64 -d 0,8192 -r 3 -t 12",1633.60±1.02,62.20±0.13,218.59±2.40,45.24±0.18,79,5.18,0,2293
freq,floor1500,2,8B,1,1500,2400,base,1000,(none),ONEAPI_DEVICE_SELECTOR=level_zero:0 GGML_SYCL_ENABLE_GRAPH=1 GGML_SYCL_GRAPH_EVICTION_TIMEOUT=300 GGML_SYCL_XE_COPY_ENGINE_DEFAULT=0 GGML_SYCL_FA_LARGE_GRF=1,"-m Llama-3.1-8B-Q4_K_M -ngl 99 -fa 1 -ctk q8_0 -ctv q8_0 -p 512 -n 64 -d 0,8192 -r 3 -t 12",1633.68±1.25,62.25±0.11,220.44±0.94,45.43±0.21,100,1.56,0,2335
freq,pin1500,0,8B,1,1500,1500,base,1000,(none),ONEAPI_DEVICE_SELECTOR=level_zero:0 GGML_SYCL_ENABLE_GRAPH=1 GGML_SYCL_GRAPH_EVICTION_TIMEOUT=300 GGML_SYCL_XE_COPY_ENGINE_DEFAULT=0 GGML_SYCL_FA_LARGE_GRF=1,"-m Llama-3.1-8B-Q4_K_M -ngl 99 -fa 1 -ctk q8_0 -ctv q8_0 -p 512 -n 64 -d 0,8192 -r 3 -t 12",1343.84±2.85,50.37±0.09,157.31±0.66,35.69±0.06,86,3.73,0,1500
freq,pin1500,1,8B,1,1500,1500,base,1000,(none),ONEAPI_DEVICE_SELECTOR=level_zero:0 GGML_SYCL_ENABLE_GRAPH=1 GGML_SYCL_GRAPH_EVICTION_TIMEOUT=300 GGML_SYCL_XE_COPY_ENGINE_DEFAULT=0 GGML_SYCL_FA_LARGE_GRF=1,"-m Llama-3.1-8B-Q4_K_M -ngl 99 -fa 1 -ctk q8_0 -ctv q8_0 -p 512 -n 64 -d 0,8192 -r 3 -t 12",1345.37±1.12,50.39±0.05,156.67±0.35,35.63±0.05,85,4.01,0,1500
freq,pin1500,2,8B,1,1500,1500,base,1000,(none),ONEAPI_DEVICE_SELECTOR=level_zero:0 GGML_SYCL_ENABLE_GRAPH=1 GGML_SYCL_GRAPH_EVICTION_TIMEOUT=300 GGML_SYCL_XE_COPY_ENGINE_DEFAULT=0 GGML_SYCL_FA_LARGE_GRF=1,"-m Llama-3.1-8B-Q4_K_M -ngl 99 -fa 1 -ctk q8_0 -ctv q8_0 -p 512 -n 64 -d 0,8192 -r 3 -t 12",1345.60±0.68,50.54±0.09,157.89±0.12,35.81±0.05,99,4.21,0,1500
freq,pin2000,0,8B,1,2000,2000,base,1000,(none),ONEAPI_DEVICE_SELECTOR=level_zero:0 GGML_SYCL_ENABLE_GRAPH=1 GGML_SYCL_GRAPH_EVICTION_TIMEOUT=300 GGML_SYCL_XE_COPY_ENGINE_DEFAULT=0 GGML_SYCL_FA_LARGE_GRF=1,"-m Llama-3.1-8B-Q4_K_M -ngl 99 -fa 1 -ctk q8_0 -ctv q8_0 -p 512 -n 64 -d 0,8192 -r 3 -t 12",1604.07±0.61,57.73±0.08,197.58±1.21,41.71±0.08,85,3.97,0,2000
freq,pin2000,1,8B,1,2000,2000,base,1000,(none),ONEAPI_DEVICE_SELECTOR=level_zero:0 GGML_SYCL_ENABLE_GRAPH=1 GGML_SYCL_GRAPH_EVICTION_TIMEOUT=300 GGML_SYCL_XE_COPY_ENGINE_DEFAULT=0 GGML_SYCL_FA_LARGE_GRF=1,"-m Llama-3.1-8B-Q4_K_M -ngl 99 -fa 1 -ctk q8_0 -ctv q8_0 -p 512 -n 64 -d 0,8192 -r 3 -t 12",1601.54±1.56,57.77±0.12,197.07±1.12,41.71±0.06,81,4.05,0,2000
freq,pin2000,2,8B,1,2000,2000,base,1000,(none),ONEAPI_DEVICE_SELECTOR=level_zero:0 GGML_SYCL_ENABLE_GRAPH=1 GGML_SYCL_GRAPH_EVICTION_TIMEOUT=300 GGML_SYCL_XE_COPY_ENGINE_DEFAULT=0 GGML_SYCL_FA_LARGE_GRF=1,"-m Llama-3.1-8B-Q4_K_M -ngl 99 -fa 1 -ctk q8_0 -ctv q8_0 -p 512 -n 64 -d 0,8192 -r 3 -t 12",1601.34±0.84,57.78±0.19,196.45±0.46,41.86±0.07,76,5.42,0,2000
freq,pin2400,0,8B,1,2400,2400,base,1000,(none),ONEAPI_DEVICE_SELECTOR=level_zero:0 GGML_SYCL_ENABLE_GRAPH=1 GGML_SYCL_GRAPH_EVICTION_TIMEOUT=300 GGML_SYCL_XE_COPY_ENGINE_DEFAULT=0 GGML_SYCL_FA_LARGE_GRF=1,"-m Llama-3.1-8B-Q4_K_M -ngl 99 -fa 1 -ctk q8_0 -ctv q8_0 -p 512 -n 64 -d 0,8192 -r 3 -t 12",1633.77±0.40,62.21±0.10,221.10±1.09,45.33±0.09,80,4.05,0,2293
freq,pin2400,1,8B,1,2400,2400,base,1000,(none),ONEAPI_DEVICE_SELECTOR=level_zero:0 GGML_SYCL_ENABLE_GRAPH=1 GGML_SYCL_GRAPH_EVICTION_TIMEOUT=300 GGML_SYCL_XE_COPY_ENGINE_DEFAULT=0 GGML_SYCL_FA_LARGE_GRF=1,"-m Llama-3.1-8B-Q4_K_M -ngl 99 -fa 1 -ctk q8_0 -ctv q8_0 -p 512 -n 64 -d 0,8192 -r 3 -t 12",1634.14±1.06,62.07±0.13,220.63±0.79,45.41±0.07,82,3.84,0,2339
freq,pin2400,2,8B,1,2400,2400,base,1000,(none),ONEAPI_DEVICE_SELECTOR=level_zero:0 GGML_SYCL_ENABLE_GRAPH=1 GGML_SYCL_GRAPH_EVICTION_TIMEOUT=300 GGML_SYCL_XE_COPY_ENGINE_DEFAULT=0 GGML_SYCL_FA_LARGE_GRF=1,"-m Llama-3.1-8B-Q4_K_M -ngl 99 -fa 1 -ctk q8_0 -ctv q8_0 -p 512 -n 64 -d 0,8192 -r 3 -t 12",1634.26±1.20,62.31±0.10,220.71±1.25,45.56±0.08,100,1.71,0,2322
freq,powersave,0,8B,1,600,2400,power_saving,1000,(none),ONEAPI_DEVICE_SELECTOR=level_zero:0 GGML_SYCL_ENABLE_GRAPH=1 GGML_SYCL_GRAPH_EVICTION_TIMEOUT=300 GGML_SYCL_XE_COPY_ENGINE_DEFAULT=0 GGML_SYCL_FA_LARGE_GRF=1,"-m Llama-3.1-8B-Q4_K_M -ngl 99 -fa 1 -ctk q8_0 -ctv q8_0 -p 512 -n 64 -d 0,8192 -r 3 -t 12",1632.09±2.18,61.98±0.16,218.67±2.16,45.10±0.44,86,3.48,0,2252
freq,powersave,1,8B,1,600,2400,power_saving,1000,(none),ONEAPI_DEVICE_SELECTOR=level_zero:0 GGML_SYCL_ENABLE_GRAPH=1 GGML_SYCL_GRAPH_EVICTION_TIMEOUT=300 GGML_SYCL_XE_COPY_ENGINE_DEFAULT=0 GGML_SYCL_FA_LARGE_GRF=1,"-m Llama-3.1-8B-Q4_K_M -ngl 99 -fa 1 -ctk q8_0 -ctv q8_0 -p 512 -n 64 -d 0,8192 -r 3 -t 12",1630.83±0.81,61.78±0.18,218.14±1.20,45.12±0.31,78,4.39,0,2267
freq,powersave,2,8B,1,600,2400,power_saving,1000,(none),ONEAPI_DEVICE_SELECTOR=level_zero:0 GGML_SYCL_ENABLE_GRAPH=1 GGML_SYCL_GRAPH_EVICTION_TIMEOUT=300 GGML_SYCL_XE_COPY_ENGINE_DEFAULT=0 GGML_SYCL_FA_LARGE_GRF=1,"-m Llama-3.1-8B-Q4_K_M -ngl 99 -fa 1 -ctk q8_0 -ctv q8_0 -p 512 -n 64 -d 0,8192 -r 3 -t 12",1636.58±0.55,62.31±0.10,219.82±1.76,45.42±0.31,100,2.09,0,2252
ornith,mc4096_none,0,Ornith-Q4_K_M,1,600,2400,base,1000,(none),ONEAPI_DEVICE_SELECTOR=level_zero:0 GGML_SYCL_ENABLE_GRAPH=1 GGML_SYCL_GRAPH_EVICTION_TIMEOUT=300 GGML_SYCL_XE_COPY_ENGINE_DEFAULT=0 GGML_SYCL_FA_LARGE_GRF=1,"-m Ornith-1.5-35B-Q4_K_M -fitt 1024 -fitc 32768 -ctk q8_0 -ctv q8_0 -fa 1 -p 512 -n 64 -d 0,8192 -r 3 -t 12 --moe-cache 4096 --load-mode none",283.92±5.52,12.01±0.02,238.81±2.47,11.38±0.04,100,4.34,0,1985
ornith,mc4096_none,1,Ornith-Q4_K_M,1,600,2400,base,1000,(none),ONEAPI_DEVICE_SELECTOR=level_zero:0 GGML_SYCL_ENABLE_GRAPH=1 GGML_SYCL_GRAPH_EVICTION_TIMEOUT=300 GGML_SYCL_XE_COPY_ENGINE_DEFAULT=0 GGML_SYCL_FA_LARGE_GRF=1,"-m Ornith-1.5-35B-Q4_K_M -fitt 1024 -fitc 32768 -ctk q8_0 -ctv q8_0 -fa 1 -p 512 -n 64 -d 0,8192 -r 3 -t 12 --moe-cache 4096 --load-mode none",284.11±5.73,11.99±0.04,239.71±2.18,11.36±0.01,100,4.67,0,1955
ornith,mc4096_none,2,Ornith-Q4_K_M,1,600,2400,base,1000,(none),ONEAPI_DEVICE_SELECTOR=level_zero:0 GGML_SYCL_ENABLE_GRAPH=1 GGML_SYCL_GRAPH_EVICTION_TIMEOUT=300 GGML_SYCL_XE_COPY_ENGINE_DEFAULT=0 GGML_SYCL_FA_LARGE_GRF=1,"-m Ornith-1.5-35B-Q4_K_M -fitt 1024 -fitc 32768 -ctk q8_0 -ctv q8_0 -fa 1 -p 512 -n 64 -d 0,8192 -r 3 -t 12 --moe-cache 4096 --load-mode none",284.39±5.74,12.06±0.02,238.92±1.97,11.38±0.04,99,5.67,0,1936
ornith,mcauto_auto,0,Ornith-Q4_K_M,1,600,2400,base,1000,(none),ONEAPI_DEVICE_SELECTOR=level_zero:0 GGML_SYCL_ENABLE_GRAPH=1 GGML_SYCL_GRAPH_EVICTION_TIMEOUT=300 GGML_SYCL_XE_COPY_ENGINE_DEFAULT=0 GGML_SYCL_FA_LARGE_GRF=1,"-m Ornith-1.5-35B-Q4_K_M -fitt 1024 -fitc 32768 -ctk q8_0 -ctv q8_0 -fa 1 -p 512 -n 64 -d 0,8192 -r 3 -t 12 --moe-cache auto --load-mode auto",273.44±7.32,14.00±0.03,228.70±2.52,13.38±0.04,100,4.21,0,2006
ornith,mcauto_auto,1,Ornith-Q4_K_M,1,600,2400,base,1000,(none),ONEAPI_DEVICE_SELECTOR=level_zero:0 GGML_SYCL_ENABLE_GRAPH=1 GGML_SYCL_GRAPH_EVICTION_TIMEOUT=300 GGML_SYCL_XE_COPY_ENGINE_DEFAULT=0 GGML_SYCL_FA_LARGE_GRF=1,"-m Ornith-1.5-35B-Q4_K_M -fitt 1024 -fitc 32768 -ctk q8_0 -ctv q8_0 -fa 1 -p 512 -n 64 -d 0,8192 -r 3 -t 12 --moe-cache auto --load-mode auto",273.92±6.66,14.11±0.06,229.35±1.96,12.98±0.18,100,4.48,0,2050
ornith,mcauto_auto,2,Ornith-Q4_K_M,1,600,2400,base,1000,(none),ONEAPI_DEVICE_SELECTOR=level_zero:0 GGML_SYCL_ENABLE_GRAPH=1 GGML_SYCL_GRAPH_EVICTION_TIMEOUT=300 GGML_SYCL_XE_COPY_ENGINE_DEFAULT=0 GGML_SYCL_FA_LARGE_GRF=1,"-m Ornith-1.5-35B-Q4_K_M -fitt 1024 -fitc 32768 -ctk q8_0 -ctv q8_0 -fa 1 -p 512 -n 64 -d 0,8192 -r 3 -t 12 --moe-cache auto --load-mode auto",273.67±7.38,13.71±0.01,230.24±1.68,12.84±0.04,100,3.50,0,2136
ornith,mcauto_none,0,Ornith-Q4_K_M,1,600,2400,base,1000,(none),ONEAPI_DEVICE_SELECTOR=level_zero:0 GGML_SYCL_ENABLE_GRAPH=1 GGML_SYCL_GRAPH_EVICTION_TIMEOUT=300 GGML_SYCL_XE_COPY_ENGINE_DEFAULT=0 GGML_SYCL_FA_LARGE_GRF=1,"-m Ornith-1.5-35B-Q4_K_M -fitt 1024 -fitc 32768 -ctk q8_0 -ctv q8_0 -fa 1 -p 512 -n 64 -d 0,8192 -r 3 -t 12 --moe-cache auto --load-mode none",283.39±5.60,12.07±0.02,239.05±2.68,11.34±0.04,100,2.71,0,1584
ornith,mcauto_none,1,Ornith-Q4_K_M,1,600,2400,base,1000,(none),ONEAPI_DEVICE_SELECTOR=level_zero:0 GGML_SYCL_ENABLE_GRAPH=1 GGML_SYCL_GRAPH_EVICTION_TIMEOUT=300 GGML_SYCL_XE_COPY_ENGINE_DEFAULT=0 GGML_SYCL_FA_LARGE_GRF=1,"-m Ornith-1.5-35B-Q4_K_M -fitt 1024 -fitc 32768 -ctk q8_0 -ctv q8_0 -fa 1 -p 512 -n 64 -d 0,8192 -r 3 -t 12 --moe-cache auto --load-mode none",282.84±6.05,12.03±0.02,238.41±2.12,11.35±0.03,100,3.63,0,1945
ornith,mcauto_none,2,Ornith-Q4_K_M,1,600,2400,base,1000,(none),ONEAPI_DEVICE_SELECTOR=level_zero:0 GGML_SYCL_ENABLE_GRAPH=1 GGML_SYCL_GRAPH_EVICTION_TIMEOUT=300 GGML_SYCL_XE_COPY_ENGINE_DEFAULT=0 GGML_SYCL_FA_LARGE_GRF=1,"-m Ornith-1.5-35B-Q4_K_M -fitt 1024 -fitc 32768 -ctk q8_0 -ctv q8_0 -fa 1 -p 512 -n 64 -d 0,8192 -r 3 -t 12 --moe-cache auto --load-mode none",282.93±5.46,12.05±0.02,238.50±2.27,11.31±0.05,100,3.73,0,1940
ornith,mcoff_auto,0,Ornith-Q4_K_M,1,600,2400,base,1000,(none),ONEAPI_DEVICE_SELECTOR=level_zero:0 GGML_SYCL_ENABLE_GRAPH=1 GGML_SYCL_GRAPH_EVICTION_TIMEOUT=300 GGML_SYCL_XE_COPY_ENGINE_DEFAULT=0 GGML_SYCL_FA_LARGE_GRF=1,"-m Ornith-1.5-35B-Q4_K_M -fitt 1024 -fitc 32768 -ctk q8_0 -ctv q8_0 -fa 1 -p 512 -n 64 -d 0,8192 -r 3 -t 12 --moe-cache off --load-mode auto",373.86±8.61,49.77±0.37,305.81±3.57,42.43±0.24,100,5.15,0,1723
ornith,mcoff_auto,1,Ornith-Q4_K_M,1,600,2400,base,1000,(none),ONEAPI_DEVICE_SELECTOR=level_zero:0 GGML_SYCL_ENABLE_GRAPH=1 GGML_SYCL_GRAPH_EVICTION_TIMEOUT=300 GGML_SYCL_XE_COPY_ENGINE_DEFAULT=0 GGML_SYCL_FA_LARGE_GRF=1,"-m Ornith-1.5-35B-Q4_K_M -fitt 1024 -fitc 32768 -ctk q8_0 -ctv q8_0 -fa 1 -p 512 -n 64 -d 0,8192 -r 3 -t 12 --moe-cache off --load-mode auto",373.38±9.27,49.75±0.30,306.28±3.80,42.39±0.27,100,5.36,0,1653
ornith,mcoff_auto,2,Ornith-Q4_K_M,1,600,2400,base,1000,(none),ONEAPI_DEVICE_SELECTOR=level_zero:0 GGML_SYCL_ENABLE_GRAPH=1 GGML_SYCL_GRAPH_EVICTION_TIMEOUT=300 GGML_SYCL_XE_COPY_ENGINE_DEFAULT=0 GGML_SYCL_FA_LARGE_GRF=1,"-m Ornith-1.5-35B-Q4_K_M -fitt 1024 -fitc 32768 -ctk q8_0 -ctv q8_0 -fa 1 -p 512 -n 64 -d 0,8192 -r 3 -t 12 --moe-cache off --load-mode auto",373.14±9.21,49.79±0.10,307.78±2.27,42.33±0.13,100,4.69,0,1679
ornith,mcon_none,0,Ornith-Q4_K_M,1,600,2400,base,1000,(none),ONEAPI_DEVICE_SELECTOR=level_zero:0 GGML_SYCL_ENABLE_GRAPH=1 GGML_SYCL_GRAPH_EVICTION_TIMEOUT=300 GGML_SYCL_XE_COPY_ENGINE_DEFAULT=0 GGML_SYCL_FA_LARGE_GRF=1,"-m Ornith-1.5-35B-Q4_K_M -fitt 1024 -fitc 32768 -ctk q8_0 -ctv q8_0 -fa 1 -p 512 -n 64 -d 0,8192 -r 3 -t 12 --moe-cache on --load-mode none",283.09±5.16,12.02±0.01,240.24±2.26,11.30±0.04,100,3.82,0,1973
ornith,mcon_none,1,Ornith-Q4_K_M,1,600,2400,base,1000,(none),ONEAPI_DEVICE_SELECTOR=level_zero:0 GGML_SYCL_ENABLE_GRAPH=1 GGML_SYCL_GRAPH_EVICTION_TIMEOUT=300 GGML_SYCL_XE_COPY_ENGINE_DEFAULT=0 GGML_SYCL_FA_LARGE_GRF=1,"-m Ornith-1.5-35B-Q4_K_M -fitt 1024 -fitc 32768 -ctk q8_0 -ctv q8_0 -fa 1 -p 512 -n 64 -d 0,8192 -r 3 -t 12 --moe-cache on --load-mode none",282.94±5.65,12.10±0.01,240.21±1.49,11.33±0.04,100,4.18,0,1933
ornith,mcon_none,2,Ornith-Q4_K_M,1,600,2400,base,1000,(none),ONEAPI_DEVICE_SELECTOR=level_zero:0 GGML_SYCL_ENABLE_GRAPH=1 GGML_SYCL_GRAPH_EVICTION_TIMEOUT=300 GGML_SYCL_XE_COPY_ENGINE_DEFAULT=0 GGML_SYCL_FA_LARGE_GRF=1,"-m Ornith-1.5-35B-Q4_K_M -fitt 1024 -fitc 32768 -ctk q8_0 -ctv q8_0 -fa 1 -p 512 -n 64 -d 0,8192 -r 3 -t 12 --moe-cache on --load-mode none",283.43±5.49,12.01±0.02,239.14±2.63,11.37±0.04,100,3.87,0,1963
ornith,mcsoft_none,0,Ornith-Q4_K_M,1,600,2400,base,1000,(none),ONEAPI_DEVICE_SELECTOR=level_zero:0 GGML_SYCL_ENABLE_GRAPH=1 GGML_SYCL_GRAPH_EVICTION_TIMEOUT=300 GGML_SYCL_XE_COPY_ENGINE_DEFAULT=0 GGML_SYCL_FA_LARGE_GRF=1,"-m Ornith-1.5-35B-Q4_K_M -fitt 1024 -fitc 32768 -ctk q8_0 -ctv q8_0 -fa 1 -p 512 -n 64 -d 0,8192 -r 3 -t 12 --moe-cache soft --load-mode none",347.22±6.51,19.68±0.02,286.16±2.21,18.17±0.02,100,4.06,0,1909
ornith,mcsoft_none,1,Ornith-Q4_K_M,1,600,2400,base,1000,(none),ONEAPI_DEVICE_SELECTOR=level_zero:0 GGML_SYCL_ENABLE_GRAPH=1 GGML_SYCL_GRAPH_EVICTION_TIMEOUT=300 GGML_SYCL_XE_COPY_ENGINE_DEFAULT=0 GGML_SYCL_FA_LARGE_GRF=1,"-m Ornith-1.5-35B-Q4_K_M -fitt 1024 -fitc 32768 -ctk q8_0 -ctv q8_0 -fa 1 -p 512 -n 64 -d 0,8192 -r 3 -t 12 --moe-cache soft --load-mode none",347.00±6.66,19.55±0.07,287.19±3.23,18.26±0.05,100,4.04,0,1965
ornith,mcsoft_none,2,Ornith-Q4_K_M,1,600,2400,base,1000,(none),ONEAPI_DEVICE_SELECTOR=level_zero:0 GGML_SYCL_ENABLE_GRAPH=1 GGML_SYCL_GRAPH_EVICTION_TIMEOUT=300 GGML_SYCL_XE_COPY_ENGINE_DEFAULT=0 GGML_SYCL_FA_LARGE_GRF=1,"-m Ornith-1.5-35B-Q4_K_M -fitt 1024 -fitc 32768 -ctk q8_0 -ctv q8_0 -fa 1 -p 512 -n 64 -d 0,8192 -r 3 -t 12 --moe-cache soft --load-mode none",347.86±6.93,19.64±0.03,286.26±1.90,18.13±0.02,100,3.51,0,1891
ornith,prod,0,Ornith-Q4_K_M,1,600,2400,base,1000,(none),ONEAPI_DEVICE_SELECTOR=level_zero:0 GGML_SYCL_ENABLE_GRAPH=1 GGML_SYCL_GRAPH_EVICTION_TIMEOUT=300 GGML_SYCL_XE_COPY_ENGINE_DEFAULT=0 GGML_SYCL_FA_LARGE_GRF=1,"-m Ornith-1.5-35B-Q4_K_M -fitt 1024 -fitc 32768 -ctk q8_0 -ctv q8_0 -fa 1 -p 512 -n 64 -d 0,8192 -r 3 -t 12 --moe-cache off --load-mode none",376.77±8.29,49.74±0.59,308.24±2.84,42.47±0.18,100,1.20,0,1468
ornith,prod,1,Ornith-Q4_K_M,1,600,2400,base,1000,(none),ONEAPI_DEVICE_SELECTOR=level_zero:0 GGML_SYCL_ENABLE_GRAPH=1 GGML_SYCL_GRAPH_EVICTION_TIMEOUT=300 GGML_SYCL_XE_COPY_ENGINE_DEFAULT=0 GGML_SYCL_FA_LARGE_GRF=1,"-m Ornith-1.5-35B-Q4_K_M -fitt 1024 -fitc 32768 -ctk q8_0 -ctv q8_0 -fa 1 -p 512 -n 64 -d 0,8192 -r 3 -t 12 --moe-cache off --load-mode none",376.99±8.52,49.83±0.11,308.06±2.36,42.55±0.16,95,3.34,0,1914
ornith,prod,2,Ornith-Q4_K_M,1,600,2400,base,1000,(none),ONEAPI_DEVICE_SELECTOR=level_zero:0 GGML_SYCL_ENABLE_GRAPH=1 GGML_SYCL_GRAPH_EVICTION_TIMEOUT=300 GGML_SYCL_XE_COPY_ENGINE_DEFAULT=0 GGML_SYCL_FA_LARGE_GRF=1,"-m Ornith-1.5-35B-Q4_K_M -fitt 1024 -fitc 32768 -ctk q8_0 -ctv q8_0 -fa 1 -p 512 -n 64 -d 0,8192 -r 3 -t 12 --moe-cache off --load-mode none",377.76±8.80,49.63±0.24,309.13±0.71,42.67±0.23,100,3.11,0,2035
ornith,prod_graph0,0,Ornith-Q4_K_M,1,600,2400,base,1000,GGML_SYCL_ENABLE_GRAPH=0,ONEAPI_DEVICE_SELECTOR=level_zero:0 GGML_SYCL_ENABLE_GRAPH=0 GGML_SYCL_GRAPH_EVICTION_TIMEOUT=300 GGML_SYCL_XE_COPY_ENGINE_DEFAULT=0 GGML_SYCL_FA_LARGE_GRF=1,"-m Ornith-1.5-35B-Q4_K_M -fitt 1024 -fitc 32768 -ctk q8_0 -ctv q8_0 -fa 1 -p 512 -n 64 -d 0,8192 -r 3 -t 12 --moe-cache off --load-mode none",378.35±7.79,49.45±0.35,308.22±2.70,42.81±0.25,100,3.45,0,1943
ornith,prod_graph0,1,Ornith-Q4_K_M,1,600,2400,base,1000,GGML_SYCL_ENABLE_GRAPH=0,ONEAPI_DEVICE_SELECTOR=level_zero:0 GGML_SYCL_ENABLE_GRAPH=0 GGML_SYCL_GRAPH_EVICTION_TIMEOUT=300 GGML_SYCL_XE_COPY_ENGINE_DEFAULT=0 GGML_SYCL_FA_LARGE_GRF=1,"-m Ornith-1.5-35B-Q4_K_M -fitt 1024 -fitc 32768 -ctk q8_0 -ctv q8_0 -fa 1 -p 512 -n 64 -d 0,8192 -r 3 -t 12 --moe-cache off --load-mode none",377.73±7.65,49.66±0.31,307.76±2.87,42.68±0.15,100,2.73,0,1943
ornith,prod_graph0,2,Ornith-Q4_K_M,1,600,2400,base,1000,GGML_SYCL_ENABLE_GRAPH=0,ONEAPI_DEVICE_SELECTOR=level_zero:0 GGML_SYCL_ENABLE_GRAPH=0 GGML_SYCL_GRAPH_EVICTION_TIMEOUT=300 GGML_SYCL_XE_COPY_ENGINE_DEFAULT=0 GGML_SYCL_FA_LARGE_GRF=1,"-m Ornith-1.5-35B-Q4_K_M -fitt 1024 -fitc 32768 -ctk q8_0 -ctv q8_0 -fa 1 -p 512 -n 64 -d 0,8192 -r 3 -t 12 --moe-cache off --load-mode none",377.89±7.51,49.80±0.24,309.07±3.19,42.65±0.47,100,2.87,0,1887
ornith,prod_grf0,0,Ornith-Q4_K_M,1,600,2400,base,1000,GGML_SYCL_FA_LARGE_GRF=0,ONEAPI_DEVICE_SELECTOR=level_zero:0 GGML_SYCL_ENABLE_GRAPH=1 GGML_SYCL_GRAPH_EVICTION_TIMEOUT=300 GGML_SYCL_XE_COPY_ENGINE_DEFAULT=0 GGML_SYCL_FA_LARGE_GRF=0,"-m Ornith-1.5-35B-Q4_K_M -fitt 1024 -fitc 32768 -ctk q8_0 -ctv q8_0 -fa 1 -p 512 -n 64 -d 0,8192 -r 3 -t 12 --moe-cache off --load-mode none",369.56±7.87,49.14±0.36,309.04±3.21,42.32±0.12,99,3.91,0,1943
ornith,prod_grf0,1,Ornith-Q4_K_M,1,600,2400,base,1000,GGML_SYCL_FA_LARGE_GRF=0,ONEAPI_DEVICE_SELECTOR=level_zero:0 GGML_SYCL_ENABLE_GRAPH=1 GGML_SYCL_GRAPH_EVICTION_TIMEOUT=300 GGML_SYCL_XE_COPY_ENGINE_DEFAULT=0 GGML_SYCL_FA_LARGE_GRF=0,"-m Ornith-1.5-35B-Q4_K_M -fitt 1024 -fitc 32768 -ctk q8_0 -ctv q8_0 -fa 1 -p 512 -n 64 -d 0,8192 -r 3 -t 12 --moe-cache off --load-mode none",369.74±8.12,49.30±0.24,310.09±4.03,42.49±0.23,99,3.31,0,1886
ornith,prod_grf0,2,Ornith-Q4_K_M,1,600,2400,base,1000,GGML_SYCL_FA_LARGE_GRF=0,ONEAPI_DEVICE_SELECTOR=level_zero:0 GGML_SYCL_ENABLE_GRAPH=1 GGML_SYCL_GRAPH_EVICTION_TIMEOUT=300 GGML_SYCL_XE_COPY_ENGINE_DEFAULT=0 GGML_SYCL_FA_LARGE_GRF=0,"-m Ornith-1.5-35B-Q4_K_M -fitt 1024 -fitc 32768 -ctk q8_0 -ctv q8_0 -fa 1 -p 512 -n 64 -d 0,8192 -r 3 -t 12 --moe-cache off --load-mode none",369.43±8.41,49.65±0.16,310.99±2.93,42.38±0.26,99,3.20,0,1970
ornith,prod_ilcl1,0,Ornith-Q4_K_M,1,600,2400,base,1000,SYCL_PI_LEVEL_ZERO_USE_IMMEDIATE_COMMANDLISTS=1,ONEAPI_DEVICE_SELECTOR=level_zero:0 GGML_SYCL_ENABLE_GRAPH=1 GGML_SYCL_GRAPH_EVICTION_TIMEOUT=300 GGML_SYCL_XE_COPY_ENGINE_DEFAULT=0 GGML_SYCL_FA_LARGE_GRF=1 SYCL_PI_LEVEL_ZERO_USE_IMMEDIATE_COMMANDLISTS=1,"-m Ornith-1.5-35B-Q4_K_M -fitt 1024 -fitc 32768 -ctk q8_0 -ctv q8_0 -fa 1 -p 512 -n 64 -d 0,8192 -r 3 -t 12 --moe-cache off --load-mode none",376.97±8.74,49.82±0.27,308.44±2.97,42.48±0.26,100,4.72,0,1873
ornith,prod_ilcl1,1,Ornith-Q4_K_M,1,600,2400,base,1000,SYCL_PI_LEVEL_ZERO_USE_IMMEDIATE_COMMANDLISTS=1,ONEAPI_DEVICE_SELECTOR=level_zero:0 GGML_SYCL_ENABLE_GRAPH=1 GGML_SYCL_GRAPH_EVICTION_TIMEOUT=300 GGML_SYCL_XE_COPY_ENGINE_DEFAULT=0 GGML_SYCL_FA_LARGE_GRF=1 SYCL_PI_LEVEL_ZERO_USE_IMMEDIATE_COMMANDLISTS=1,"-m Ornith-1.5-35B-Q4_K_M -fitt 1024 -fitc 32768 -ctk q8_0 -ctv q8_0 -fa 1 -p 512 -n 64 -d 0,8192 -r 3 -t 12 --moe-cache off --load-mode none",378.02±8.21,50.05±0.23,308.55±1.98,42.60±0.26,100,3.52,0,1976
ornith,prod_ilcl1,2,Ornith-Q4_K_M,1,600,2400,base,1000,SYCL_PI_LEVEL_ZERO_USE_IMMEDIATE_COMMANDLISTS=1,ONEAPI_DEVICE_SELECTOR=level_zero:0 GGML_SYCL_ENABLE_GRAPH=1 GGML_SYCL_GRAPH_EVICTION_TIMEOUT=300 GGML_SYCL_XE_COPY_ENGINE_DEFAULT=0 GGML_SYCL_FA_LARGE_GRF=1 SYCL_PI_LEVEL_ZERO_USE_IMMEDIATE_COMMANDLISTS=1,"-m Ornith-1.5-35B-Q4_K_M -fitt 1024 -fitc 32768 -ctk q8_0 -ctv q8_0 -fa 1 -p 512 -n 64 -d 0,8192 -r 3 -t 12 --moe-cache off --load-mode none",375.87±9.25,49.73±0.26,307.14±1.45,42.38±0.32,100,3.66,0,1972
ornith,prod_mkl0,0,Ornith-Q4_K_M,1,600,2400,base,1000,GGML_SYCL_ENABLE_MKL_FA=0,ONEAPI_DEVICE_SELECTOR=level_zero:0 GGML_SYCL_ENABLE_GRAPH=1 GGML_SYCL_GRAPH_EVICTION_TIMEOUT=300 GGML_SYCL_XE_COPY_ENGINE_DEFAULT=0 GGML_SYCL_FA_LARGE_GRF=1 GGML_SYCL_ENABLE_MKL_FA=0,"-m Ornith-1.5-35B-Q4_K_M -fitt 1024 -fitc 32768 -ctk q8_0 -ctv q8_0 -fa 1 -p 512 -n 64 -d 0,8192 -r 3 -t 12 --moe-cache off --load-mode none",376.96±9.04,49.50±0.09,236.81±1.73,42.57±0.29,100,3.46,0,2049
ornith,prod_mkl0,1,Ornith-Q4_K_M,1,600,2400,base,1000,GGML_SYCL_ENABLE_MKL_FA=0,ONEAPI_DEVICE_SELECTOR=level_zero:0 GGML_SYCL_ENABLE_GRAPH=1 GGML_SYCL_GRAPH_EVICTION_TIMEOUT=300 GGML_SYCL_XE_COPY_ENGINE_DEFAULT=0 GGML_SYCL_FA_LARGE_GRF=1 GGML_SYCL_ENABLE_MKL_FA=0,"-m Ornith-1.5-35B-Q4_K_M -fitt 1024 -fitc 32768 -ctk q8_0 -ctv q8_0 -fa 1 -p 512 -n 64 -d 0,8192 -r 3 -t 12 --moe-cache off --load-mode none",379.62±8.53,49.75±0.29,235.65±1.60,42.26±0.20,100,2.71,0,2058
ornith,prod_mkl0,2,Ornith-Q4_K_M,1,600,2400,base,1000,GGML_SYCL_ENABLE_MKL_FA=0,ONEAPI_DEVICE_SELECTOR=level_zero:0 GGML_SYCL_ENABLE_GRAPH=1 GGML_SYCL_GRAPH_EVICTION_TIMEOUT=300 GGML_SYCL_XE_COPY_ENGINE_DEFAULT=0 GGML_SYCL_FA_LARGE_GRF=1 GGML_SYCL_ENABLE_MKL_FA=0,"-m Ornith-1.5-35B-Q4_K_M -fitt 1024 -fitc 32768 -ctk q8_0 -ctv q8_0 -fa 1 -p 512 -n 64 -d 0,8192 -r 3 -t 12 --moe-cache off --load-mode none",377.08±8.30,48.89±0.48,235.94±1.43,42.24±0.32,100,3.32,0,1984
ornith,prod_pinned0,0,Ornith-Q4_K_M,1,600,2400,base,1000,GGML_SYCL_ENABLE_HOST_PINNED_MEM=0,ONEAPI_DEVICE_SELECTOR=level_zero:0 GGML_SYCL_ENABLE_GRAPH=1 GGML_SYCL_GRAPH_EVICTION_TIMEOUT=300 GGML_SYCL_XE_COPY_ENGINE_DEFAULT=0 GGML_SYCL_FA_LARGE_GRF=1 GGML_SYCL_ENABLE_HOST_PINNED_MEM=0,"-m Ornith-1.5-35B-Q4_K_M -fitt 1024 -fitc 32768 -ctk q8_0 -ctv q8_0 -fa 1 -p 512 -n 64 -d 0,8192 -r 3 -t 12 --moe-cache off --load-mode none",374.47±9.97,45.96±0.08,305.31±1.96,38.66±0.31,100,5.39,0,1842
ornith,prod_pinned0,1,Ornith-Q4_K_M,1,600,2400,base,1000,GGML_SYCL_ENABLE_HOST_PINNED_MEM=0,ONEAPI_DEVICE_SELECTOR=level_zero:0 GGML_SYCL_ENABLE_GRAPH=1 GGML_SYCL_GRAPH_EVICTION_TIMEOUT=300 GGML_SYCL_XE_COPY_ENGINE_DEFAULT=0 GGML_SYCL_FA_LARGE_GRF=1 GGML_SYCL_ENABLE_HOST_PINNED_MEM=0,"-m Ornith-1.5-35B-Q4_K_M -fitt 1024 -fitc 32768 -ctk q8_0 -ctv q8_0 -fa 1 -p 512 -n 64 -d 0,8192 -r 3 -t 12 --moe-cache off --load-mode none",374.61±9.20,45.25±0.22,306.49±2.89,38.30±0.02,100,5.58,0,1841
ornith,prod_pinned0,2,Ornith-Q4_K_M,1,600,2400,base,1000,GGML_SYCL_ENABLE_HOST_PINNED_MEM=0,ONEAPI_DEVICE_SELECTOR=level_zero:0 GGML_SYCL_ENABLE_GRAPH=1 GGML_SYCL_GRAPH_EVICTION_TIMEOUT=300 GGML_SYCL_XE_COPY_ENGINE_DEFAULT=0 GGML_SYCL_FA_LARGE_GRF=1 GGML_SYCL_ENABLE_HOST_PINNED_MEM=0,"-m Ornith-1.5-35B-Q4_K_M -fitt 1024 -fitc 32768 -ctk q8_0 -ctv q8_0 -fa 1 -p 512 -n 64 -d 0,8192 -r 3 -t 12 --moe-cache off --load-mode none",374.56±9.78,45.24±0.13,305.41±3.00,38.68±0.18,100,3.99,0,1910
two,ccs1.ts1000,0,8B x2 concurrent,1,600,2400,base,1000,(none),ONEAPI_DEVICE_SELECTOR=level_zero:0 GGML_SYCL_ENABLE_GRAPH=1 GGML_SYCL_GRAPH_EVICTION_TIMEOUT=300 GGML_SYCL_XE_COPY_ENGINE_DEFAULT=0 GGML_SYCL_FA_LARGE_GRF=1,-m Llama-3.1-8B-Q4_K_M -ngl 99 -fa 1 -ctk q8_0 -ctv q8_0 -p 512 -n 64 -d 0 -r 3 -t 6 (two processes),A 762.9 + B 761.7 = 1524.6,A 29.49 + B 29.48 = 58.97,,,,,,
two,ccs1.ts1000,1,8B x2 concurrent,1,600,2400,base,1000,(none),ONEAPI_DEVICE_SELECTOR=level_zero:0 GGML_SYCL_ENABLE_GRAPH=1 GGML_SYCL_GRAPH_EVICTION_TIMEOUT=300 GGML_SYCL_XE_COPY_ENGINE_DEFAULT=0 GGML_SYCL_FA_LARGE_GRF=1,-m Llama-3.1-8B-Q4_K_M -ngl 99 -fa 1 -ctk q8_0 -ctv q8_0 -p 512 -n 64 -d 0 -r 3 -t 6 (two processes),A 760.7 + B 761.8 = 1522.5,A 29.46 + B 29.47 = 58.93,,,,,,
two,ccs1.ts1000,2,8B x2 concurrent,1,600,2400,base,1000,(none),ONEAPI_DEVICE_SELECTOR=level_zero:0 GGML_SYCL_ENABLE_GRAPH=1 GGML_SYCL_GRAPH_EVICTION_TIMEOUT=300 GGML_SYCL_XE_COPY_ENGINE_DEFAULT=0 GGML_SYCL_FA_LARGE_GRF=1,-m Llama-3.1-8B-Q4_K_M -ngl 99 -fa 1 -ctk q8_0 -ctv q8_0 -p 512 -n 64 -d 0 -r 3 -t 6 (two processes),A 761.3 + B 762.4 = 1523.7,A 29.48 + B 29.49 = 58.97,,,,,,
two,ccs1.ts20000,0,8B x2 concurrent,1,600,2400,base,20000,(none),ONEAPI_DEVICE_SELECTOR=level_zero:0 GGML_SYCL_ENABLE_GRAPH=1 GGML_SYCL_GRAPH_EVICTION_TIMEOUT=300 GGML_SYCL_XE_COPY_ENGINE_DEFAULT=0 GGML_SYCL_FA_LARGE_GRF=1,-m Llama-3.1-8B-Q4_K_M -ngl 99 -fa 1 -ctk q8_0 -ctv q8_0 -p 512 -n 64 -d 0 -r 3 -t 6 (two processes),A 820.7 + B 811.5 = 1632.3,A 30.96 + B 31.05 = 62.01,,,,,,
two,ccs1.ts20000,1,8B x2 concurrent,1,600,2400,base,20000,(none),ONEAPI_DEVICE_SELECTOR=level_zero:0 GGML_SYCL_ENABLE_GRAPH=1 GGML_SYCL_GRAPH_EVICTION_TIMEOUT=300 GGML_SYCL_XE_COPY_ENGINE_DEFAULT=0 GGML_SYCL_FA_LARGE_GRF=1,-m Llama-3.1-8B-Q4_K_M -ngl 99 -fa 1 -ctk q8_0 -ctv q8_0 -p 512 -n 64 -d 0 -r 3 -t 6 (two processes),A 810.8 + B 810.4 = 1621.3,A 31.05 + B 31.06 = 62.11,,,,,,
two,ccs1.ts20000,2,8B x2 concurrent,1,600,2400,base,20000,(none),ONEAPI_DEVICE_SELECTOR=level_zero:0 GGML_SYCL_ENABLE_GRAPH=1 GGML_SYCL_GRAPH_EVICTION_TIMEOUT=300 GGML_SYCL_XE_COPY_ENGINE_DEFAULT=0 GGML_SYCL_FA_LARGE_GRF=1,-m Llama-3.1-8B-Q4_K_M -ngl 99 -fa 1 -ctk q8_0 -ctv q8_0 -p 512 -n 64 -d 0 -r 3 -t 6 (two processes),A 810.7 + B 810.7 = 1621.3,A 31.07 + B 31.05 = 62.12,,,,,,
two,ccs2.ts1000,0,8B x2 concurrent,2,600,2400,base,1000,(none),ONEAPI_DEVICE_SELECTOR=level_zero:0 GGML_SYCL_ENABLE_GRAPH=1 GGML_SYCL_GRAPH_EVICTION_TIMEOUT=300 GGML_SYCL_XE_COPY_ENGINE_DEFAULT=0 GGML_SYCL_FA_LARGE_GRF=1,-m Llama-3.1-8B-Q4_K_M -ngl 99 -fa 1 -ctk q8_0 -ctv q8_0 -p 512 -n 64 -d 0 -r 3 -t 6 (two processes),A 533.4 + B 532.3 = 1065.7,A 24.12 + B 24.11 = 48.23,,,,,,
two,ccs2.ts1000,1,8B x2 concurrent,2,600,2400,base,1000,(none),ONEAPI_DEVICE_SELECTOR=level_zero:0 GGML_SYCL_ENABLE_GRAPH=1 GGML_SYCL_GRAPH_EVICTION_TIMEOUT=300 GGML_SYCL_XE_COPY_ENGINE_DEFAULT=0 GGML_SYCL_FA_LARGE_GRF=1,-m Llama-3.1-8B-Q4_K_M -ngl 99 -fa 1 -ctk q8_0 -ctv q8_0 -p 512 -n 64 -d 0 -r 3 -t 6 (two processes),A 532.5 + B 532.3 = 1064.8,A 24.13 + B 24.15 = 48.28,,,,,,
two,ccs2.ts1000,2,8B x2 concurrent,2,600,2400,base,1000,(none),ONEAPI_DEVICE_SELECTOR=level_zero:0 GGML_SYCL_ENABLE_GRAPH=1 GGML_SYCL_GRAPH_EVICTION_TIMEOUT=300 GGML_SYCL_XE_COPY_ENGINE_DEFAULT=0 GGML_SYCL_FA_LARGE_GRF=1,-m Llama-3.1-8B-Q4_K_M -ngl 99 -fa 1 -ctk q8_0 -ctv q8_0 -p 512 -n 64 -d 0 -r 3 -t 6 (two processes),A 531.1 + B 530.6 = 1061.8,A 24.11 + B 24.10 = 48.21,,,,,,
two,ccs2.ts20000,0,8B x2 concurrent,2,600,2400,base,20000,(none),ONEAPI_DEVICE_SELECTOR=level_zero:0 GGML_SYCL_ENABLE_GRAPH=1 GGML_SYCL_GRAPH_EVICTION_TIMEOUT=300 GGML_SYCL_XE_COPY_ENGINE_DEFAULT=0 GGML_SYCL_FA_LARGE_GRF=1,-m Llama-3.1-8B-Q4_K_M -ngl 99 -fa 1 -ctk q8_0 -ctv q8_0 -p 512 -n 64 -d 0 -r 3 -t 6 (two processes),A 576.5 + B 576.8 = 1153.3,A 25.24 + B 25.34 = 50.58,,,,,,
two,ccs2.ts20000,1,8B x2 concurrent,2,600,2400,base,20000,(none),ONEAPI_DEVICE_SELECTOR=level_zero:0 GGML_SYCL_ENABLE_GRAPH=1 GGML_SYCL_GRAPH_EVICTION_TIMEOUT=300 GGML_SYCL_XE_COPY_ENGINE_DEFAULT=0 GGML_SYCL_FA_LARGE_GRF=1,-m Llama-3.1-8B-Q4_K_M -ngl 99 -fa 1 -ctk q8_0 -ctv q8_0 -p 512 -n 64 -d 0 -r 3 -t 6 (two processes),A 576.7 + B 576.5 = 1153.3,A 25.32 + B 25.23 = 50.55,,,,,,
two,ccs2.ts20000,2,8B x2 concurrent,2,600,2400,base,20000,(none),ONEAPI_DEVICE_SELECTOR=level_zero:0 GGML_SYCL_ENABLE_GRAPH=1 GGML_SYCL_GRAPH_EVICTION_TIMEOUT=300 GGML_SYCL_XE_COPY_ENGINE_DEFAULT=0 GGML_SYCL_FA_LARGE_GRF=1,-m Llama-3.1-8B-Q4_K_M -ngl 99 -fa 1 -ctk q8_0 -ctv q8_0 -p 512 -n 64 -d 0 -r 3 -t 6 (two processes),A 576.7 + B 577.1 = 1153.8,A 25.24 + B 25.33 = 50.57,,,,,,
two,ccs4.ts1000,0,8B x2 concurrent,4,600,2400,base,1000,(none),ONEAPI_DEVICE_SELECTOR=level_zero:0 GGML_SYCL_ENABLE_GRAPH=1 GGML_SYCL_GRAPH_EVICTION_TIMEOUT=300 GGML_SYCL_XE_COPY_ENGINE_DEFAULT=0 GGML_SYCL_FA_LARGE_GRF=1,-m Llama-3.1-8B-Q4_K_M -ngl 99 -fa 1 -ctk q8_0 -ctv q8_0 -p 512 -n 64 -d 0 -r 3 -t 6 (two processes),A 284.7 + B 284.6 = 569.3,A 14.42 + B 14.41 = 28.83,,,,,,
two,ccs4.ts1000,1,8B x2 concurrent,4,600,2400,base,1000,(none),ONEAPI_DEVICE_SELECTOR=level_zero:0 GGML_SYCL_ENABLE_GRAPH=1 GGML_SYCL_GRAPH_EVICTION_TIMEOUT=300 GGML_SYCL_XE_COPY_ENGINE_DEFAULT=0 GGML_SYCL_FA_LARGE_GRF=1,-m Llama-3.1-8B-Q4_K_M -ngl 99 -fa 1 -ctk q8_0 -ctv q8_0 -p 512 -n 64 -d 0 -r 3 -t 6 (two processes),A 283.7 + B 283.6 = 567.2,A 14.43 + B 14.43 = 28.86,,,,,,
two,ccs4.ts1000,2,8B x2 concurrent,4,600,2400,base,1000,(none),ONEAPI_DEVICE_SELECTOR=level_zero:0 GGML_SYCL_ENABLE_GRAPH=1 GGML_SYCL_GRAPH_EVICTION_TIMEOUT=300 GGML_SYCL_XE_COPY_ENGINE_DEFAULT=0 GGML_SYCL_FA_LARGE_GRF=1,-m Llama-3.1-8B-Q4_K_M -ngl 99 -fa 1 -ctk q8_0 -ctv q8_0 -p 512 -n 64 -d 0 -r 3 -t 6 (two processes),A 284.1 + B 284.3 = 568.5,A 14.42 + B 14.43 = 28.85,,,,,,
two,ccs4.ts20000,0,8B x2 concurrent,4,600,2400,base,20000,(none),ONEAPI_DEVICE_SELECTOR=level_zero:0 GGML_SYCL_ENABLE_GRAPH=1 GGML_SYCL_GRAPH_EVICTION_TIMEOUT=300 GGML_SYCL_XE_COPY_ENGINE_DEFAULT=0 GGML_SYCL_FA_LARGE_GRF=1,-m Llama-3.1-8B-Q4_K_M -ngl 99 -fa 1 -ctk q8_0 -ctv q8_0 -p 512 -n 64 -d 0 -r 3 -t 6 (two processes),A 309.3 + B 310.6 = 620.0,A 15.07 + B 15.06 = 30.13,,,,,,
two,ccs4.ts20000,1,8B x2 concurrent,4,600,2400,base,20000,(none),ONEAPI_DEVICE_SELECTOR=level_zero:0 GGML_SYCL_ENABLE_GRAPH=1 GGML_SYCL_GRAPH_EVICTION_TIMEOUT=300 GGML_SYCL_XE_COPY_ENGINE_DEFAULT=0 GGML_SYCL_FA_LARGE_GRF=1,-m Llama-3.1-8B-Q4_K_M -ngl 99 -fa 1 -ctk q8_0 -ctv q8_0 -p 512 -n 64 -d 0 -r 3 -t 6 (two processes),A 309.4 + B 309.4 = 618.8,A 15.07 + B 15.06 = 30.13,,,,,,
two,ccs4.ts20000,2,8B x2 concurrent,4,600,2400,base,20000,(none),ONEAPI_DEVICE_SELECTOR=level_zero:0 GGML_SYCL_ENABLE_GRAPH=1 GGML_SYCL_GRAPH_EVICTION_TIMEOUT=300 GGML_SYCL_XE_COPY_ENGINE_DEFAULT=0 GGML_SYCL_FA_LARGE_GRF=1,-m Llama-3.1-8B-Q4_K_M -ngl 99 -fa 1 -ctk q8_0 -ctv q8_0 -p 512 -n 64 -d 0 -r 3 -t 6 (two processes),A 310.6 + B 309.3 = 620.0,A 15.06 + B 15.09 = 30.15,,,,,,
ngram,none,0,Ornith-Q4_K_M server,1,600,2400,base,1000,(none),ONEAPI_DEVICE_SELECTOR=level_zero:0 GGML_SYCL_ENABLE_GRAPH=1 GGML_SYCL_GRAPH_EVICTION_TIMEOUT=300 GGML_SYCL_XE_COPY_ENGINE_DEFAULT=0 GGML_SYCL_FA_LARGE_GRF=1,llama-server --ctx-size 131072 --fit on --fit-target 1024 --flash-attn on -ctk q8_0 -ctv q8_0 --spec-type none --moe-cache off --load-mode none | prompt=repeat,269 pp t/s,46.68 tg t/s (n=3),,,,,draft 0/0,
ngram,none,0,Ornith-Q4_K_M server,1,600,2400,base,1000,(none),ONEAPI_DEVICE_SELECTOR=level_zero:0 GGML_SYCL_ENABLE_GRAPH=1 GGML_SYCL_GRAPH_EVICTION_TIMEOUT=300 GGML_SYCL_XE_COPY_ENGINE_DEFAULT=0 GGML_SYCL_FA_LARGE_GRF=1,llama-server --ctx-size 131072 --fit on --fit-target 1024 --flash-attn on -ctk q8_0 -ctv q8_0 --spec-type none --moe-cache off --load-mode none | prompt=prose,88 pp t/s,46.81 tg t/s (n=3),,,,,draft 0/0,
ngram,ngmod,0,Ornith-Q4_K_M server,1,600,2400,base,1000,(none),ONEAPI_DEVICE_SELECTOR=level_zero:0 GGML_SYCL_ENABLE_GRAPH=1 GGML_SYCL_GRAPH_EVICTION_TIMEOUT=300 GGML_SYCL_XE_COPY_ENGINE_DEFAULT=0 GGML_SYCL_FA_LARGE_GRF=1,llama-server --ctx-size 131072 --fit on --fit-target 1024 --flash-attn on -ctk q8_0 -ctv q8_0 --spec-type ngram-mod --moe-cache off --load-mode none | prompt=repeat,269 pp t/s,34.89 tg t/s (n=3),,,,,draft 1051/1600,
ngram,ngmod,0,Ornith-Q4_K_M server,1,600,2400,base,1000,(none),ONEAPI_DEVICE_SELECTOR=level_zero:0 GGML_SYCL_ENABLE_GRAPH=1 GGML_SYCL_GRAPH_EVICTION_TIMEOUT=300 GGML_SYCL_XE_COPY_ENGINE_DEFAULT=0 GGML_SYCL_FA_LARGE_GRF=1,llama-server --ctx-size 131072 --fit on --fit-target 1024 --flash-attn on -ctk q8_0 -ctv q8_0 --spec-type ngram-mod --moe-cache off --load-mode none | prompt=prose,88 pp t/s,35.73 tg t/s (n=3),,,,,draft 245/768,
ngram,ngmod_small,0,Ornith-Q4_K_M server,1,600,2400,base,1000,(none),ONEAPI_DEVICE_SELECTOR=level_zero:0 GGML_SYCL_ENABLE_GRAPH=1 GGML_SYCL_GRAPH_EVICTION_TIMEOUT=300 GGML_SYCL_XE_COPY_ENGINE_DEFAULT=0 GGML_SYCL_FA_LARGE_GRF=1,llama-server --ctx-size 131072 --fit on --fit-target 1024 --flash-attn on -ctk q8_0 -ctv q8_0 --spec-type ngram-mod --spec-ngram-mod-n-match 12 --spec-ngram-mod-n-min 16 --spec-ngram-mod-n-max 32 --moe-cache off --load-mode none | prompt=repeat,269 pp t/s,31.31 tg t/s (n=3),,,,,draft 1031/1509,
ngram,ngmod_small,0,Ornith-Q4_K_M server,1,600,2400,base,1000,(none),ONEAPI_DEVICE_SELECTOR=level_zero:0 GGML_SYCL_ENABLE_GRAPH=1 GGML_SYCL_GRAPH_EVICTION_TIMEOUT=300 GGML_SYCL_XE_COPY_ENGINE_DEFAULT=0 GGML_SYCL_FA_LARGE_GRF=1,llama-server --ctx-size 131072 --fit on --fit-target 1024 --flash-attn on -ctk q8_0 -ctv q8_0 --spec-type ngram-mod --spec-ngram-mod-n-match 12 --spec-ngram-mod-n-min 16 --spec-ngram-mod-n-max 32 --moe-cache off --load-mode none | prompt=prose,88 pp t/s,37.48 tg t/s (n=3),,,,,draft 203/544,
ngram,ngsimple,0,Ornith-Q4_K_M server,1,600,2400,base,1000,(none),ONEAPI_DEVICE_SELECTOR=level_zero:0 GGML_SYCL_ENABLE_GRAPH=1 GGML_SYCL_GRAPH_EVICTION_TIMEOUT=300 GGML_SYCL_XE_COPY_ENGINE_DEFAULT=0 GGML_SYCL_FA_LARGE_GRF=1,llama-server --ctx-size 131072 --fit on --fit-target 1024 --flash-attn on -ctk q8_0 -ctv q8_0 --spec-type ngram-simple --moe-cache off --load-mode none | prompt=repeat,268 pp t/s,66.61 tg t/s (n=3),,,,,draft 1056/1059,
ngram,ngsimple,0,Ornith-Q4_K_M server,1,600,2400,base,1000,(none),ONEAPI_DEVICE_SELECTOR=level_zero:0 GGML_SYCL_ENABLE_GRAPH=1 GGML_SYCL_GRAPH_EVICTION_TIMEOUT=300 GGML_SYCL_XE_COPY_ENGINE_DEFAULT=0 GGML_SYCL_FA_LARGE_GRF=1,llama-server --ctx-size 131072 --fit on --fit-target 1024 --flash-attn on -ctk q8_0 -ctv q8_0 --spec-type ngram-simple --moe-cache off --load-mode none | prompt=prose,88 pp t/s,47.08 tg t/s (n=3),,,,,draft 0/0,
ngram,ngmapk,0,Ornith-Q4_K_M server,1,600,2400,base,1000,(none),ONEAPI_DEVICE_SELECTOR=level_zero:0 GGML_SYCL_ENABLE_GRAPH=1 GGML_SYCL_GRAPH_EVICTION_TIMEOUT=300 GGML_SYCL_XE_COPY_ENGINE_DEFAULT=0 GGML_SYCL_FA_LARGE_GRF=1,llama-server --ctx-size 131072 --fit on --fit-target 1024 --flash-attn on -ctk q8_0 -ctv q8_0 --spec-type ngram-map-k --moe-cache off --load-mode none | prompt=repeat,268 pp t/s,35.37 tg t/s (n=3),,,,,draft 567/1079,
ngram,ngmapk,0,Ornith-Q4_K_M server,1,600,2400,base,1000,(none),ONEAPI_DEVICE_SELECTOR=level_zero:0 GGML_SYCL_ENABLE_GRAPH=1 GGML_SYCL_GRAPH_EVICTION_TIMEOUT=300 GGML_SYCL_XE_COPY_ENGINE_DEFAULT=0 GGML_SYCL_FA_LARGE_GRF=1,llama-server --ctx-size 131072 --fit on --fit-target 1024 --flash-attn on -ctk q8_0 -ctv q8_0 --spec-type ngram-map-k --moe-cache off --load-mode none | prompt=prose,88 pp t/s,46.98 tg t/s (n=3),,,,,draft 0/0,
ngram,ngmapk4v,0,Ornith-Q4_K_M server,1,600,2400,base,1000,(none),ONEAPI_DEVICE_SELECTOR=level_zero:0 GGML_SYCL_ENABLE_GRAPH=1 GGML_SYCL_GRAPH_EVICTION_TIMEOUT=300 GGML_SYCL_XE_COPY_ENGINE_DEFAULT=0 GGML_SYCL_FA_LARGE_GRF=1,llama-server --ctx-size 131072 --fit on --fit-target 1024 --flash-attn on -ctk q8_0 -ctv q8_0 --spec-type ngram-map-k4v --moe-cache off --load-mode none | prompt=repeat,268 pp t/s,41.86 tg t/s (n=3),,,,,draft 290/560,
ngram,ngmapk4v,0,Ornith-Q4_K_M server,1,600,2400,base,1000,(none),ONEAPI_DEVICE_SELECTOR=level_zero:0 GGML_SYCL_ENABLE_GRAPH=1 GGML_SYCL_GRAPH_EVICTION_TIMEOUT=300 GGML_SYCL_XE_COPY_ENGINE_DEFAULT=0 GGML_SYCL_FA_LARGE_GRF=1,llama-server --ctx-size 131072 --fit on --fit-target 1024 --flash-attn on -ctk q8_0 -ctv q8_0 --spec-type ngram-map-k4v --moe-cache off --load-mode none | prompt=prose,89 pp t/s,46.94 tg t/s (n=3),,,,,draft 0/0,
ngram,ngcache,0,Ornith-Q4_K_M server,1,600,2400,base,1000,(none),ONEAPI_DEVICE_SELECTOR=level_zero:0 GGML_SYCL_ENABLE_GRAPH=1 GGML_SYCL_GRAPH_EVICTION_TIMEOUT=300 GGML_SYCL_XE_COPY_ENGINE_DEFAULT=0 GGML_SYCL_FA_LARGE_GRF=1,llama-server --ctx-size 131072 --fit on --fit-target 1024 --flash-attn on -ctk q8_0 -ctv q8_0 --spec-type ngram-cache --moe-cache off --load-mode none | prompt=repeat,268 pp t/s,44.02 tg t/s (n=3),,,,,draft 927/986,
ngram,ngcache,0,Ornith-Q4_K_M server,1,600,2400,base,1000,(none),ONEAPI_DEVICE_SELECTOR=level_zero:0 GGML_SYCL_ENABLE_GRAPH=1 GGML_SYCL_GRAPH_EVICTION_TIMEOUT=300 GGML_SYCL_XE_COPY_ENGINE_DEFAULT=0 GGML_SYCL_FA_LARGE_GRF=1,llama-server --ctx-size 131072 --fit on --fit-target 1024 --flash-attn on -ctk q8_0 -ctv q8_0 --spec-type ngram-cache --moe-cache off --load-mode none | prompt=prose,88 pp t/s,26.00 tg t/s (n=3),,,,,draft 6/615,
ngram,none_mcauto,0,Ornith-Q4_K_M server,1,600,2400,base,1000,(none),ONEAPI_DEVICE_SELECTOR=level_zero:0 GGML_SYCL_ENABLE_GRAPH=1 GGML_SYCL_GRAPH_EVICTION_TIMEOUT=300 GGML_SYCL_XE_COPY_ENGINE_DEFAULT=0 GGML_SYCL_FA_LARGE_GRF=1,llama-server --ctx-size 131072 --fit on --fit-target 1024 --flash-attn on -ctk q8_0 -ctv q8_0 --spec-type none --moe-cache auto --load-mode none | prompt=repeat,208 pp t/s,11.56 tg t/s (n=3),,,,,draft 0/0,
ngram,none_mcauto,0,Ornith-Q4_K_M server,1,600,2400,base,1000,(none),ONEAPI_DEVICE_SELECTOR=level_zero:0 GGML_SYCL_ENABLE_GRAPH=1 GGML_SYCL_GRAPH_EVICTION_TIMEOUT=300 GGML_SYCL_XE_COPY_ENGINE_DEFAULT=0 GGML_SYCL_FA_LARGE_GRF=1,llama-server --ctx-size 131072 --fit on --fit-target 1024 --flash-attn on -ctk q8_0 -ctv q8_0 --spec-type none --moe-cache auto --load-mode none | prompt=prose,86 pp t/s,11.67 tg t/s (n=3),,,,,draft 0/0,
ngram,ngmod_mcauto,0,Ornith-Q4_K_M server,1,600,2400,base,1000,(none),ONEAPI_DEVICE_SELECTOR=level_zero:0 GGML_SYCL_ENABLE_GRAPH=1 GGML_SYCL_GRAPH_EVICTION_TIMEOUT=300 GGML_SYCL_XE_COPY_ENGINE_DEFAULT=0 GGML_SYCL_FA_LARGE_GRF=1,llama-server --ctx-size 131072 --fit on --fit-target 1024 --flash-attn on -ctk q8_0 -ctv q8_0 --spec-type ngram-mod --moe-cache auto --load-mode none | prompt=repeat,208 pp t/s,23.14 tg t/s (n=3),,,,,draft 1051/1600,
ngram,ngmod_mcauto,0,Ornith-Q4_K_M server,1,600,2400,base,1000,(none),ONEAPI_DEVICE_SELECTOR=level_zero:0 GGML_SYCL_ENABLE_GRAPH=1 GGML_SYCL_GRAPH_EVICTION_TIMEOUT=300 GGML_SYCL_XE_COPY_ENGINE_DEFAULT=0 GGML_SYCL_FA_LARGE_GRF=1,llama-server --ctx-size 131072 --fit on --fit-target 1024 --flash-attn on -ctk q8_0 -ctv q8_0 --spec-type ngram-mod --moe-cache auto --load-mode none | prompt=prose,86 pp t/s,11.60 tg t/s (n=3),,,,,draft 112/576,
ngram,ngmod_lmauto,0,Ornith-Q4_K_M server,1,600,2400,base,1000,(none),ONEAPI_DEVICE_SELECTOR=level_zero:0 GGML_SYCL_ENABLE_GRAPH=1 GGML_SYCL_GRAPH_EVICTION_TIMEOUT=300 GGML_SYCL_XE_COPY_ENGINE_DEFAULT=0 GGML_SYCL_FA_LARGE_GRF=1,llama-server --ctx-size 131072 --fit on --fit-target 1024 --flash-attn on -ctk q8_0 -ctv q8_0 --spec-type ngram-mod --moe-cache off --load-mode auto | prompt=repeat,261 pp t/s,35.49 tg t/s (n=3),,,,,draft 1051/1600,
ngram,ngmod_lmauto,0,Ornith-Q4_K_M server,1,600,2400,base,1000,(none),ONEAPI_DEVICE_SELECTOR=level_zero:0 GGML_SYCL_ENABLE_GRAPH=1 GGML_SYCL_GRAPH_EVICTION_TIMEOUT=300 GGML_SYCL_XE_COPY_ENGINE_DEFAULT=0 GGML_SYCL_FA_LARGE_GRF=1,llama-server --ctx-size 131072 --fit on --fit-target 1024 --flash-attn on -ctk q8_0 -ctv q8_0 --spec-type ngram-mod --moe-cache off --load-mode auto | prompt=prose,88 pp t/s,37.03 tg t/s (n=3),,,,,draft 230/768,
ngram,none,1,Ornith-Q4_K_M server,1,600,2400,base,1000,(none),ONEAPI_DEVICE_SELECTOR=level_zero:0 GGML_SYCL_ENABLE_GRAPH=1 GGML_SYCL_GRAPH_EVICTION_TIMEOUT=300 GGML_SYCL_XE_COPY_ENGINE_DEFAULT=0 GGML_SYCL_FA_LARGE_GRF=1,llama-server --ctx-size 131072 --fit on --fit-target 1024 --flash-attn on -ctk q8_0 -ctv q8_0 --spec-type none --moe-cache off --load-mode none | prompt=repeat,268 pp t/s,46.88 tg t/s (n=3),,,,,draft 0/0,
ngram,none,1,Ornith-Q4_K_M server,1,600,2400,base,1000,(none),ONEAPI_DEVICE_SELECTOR=level_zero:0 GGML_SYCL_ENABLE_GRAPH=1 GGML_SYCL_GRAPH_EVICTION_TIMEOUT=300 GGML_SYCL_XE_COPY_ENGINE_DEFAULT=0 GGML_SYCL_FA_LARGE_GRF=1,llama-server --ctx-size 131072 --fit on --fit-target 1024 --flash-attn on -ctk q8_0 -ctv q8_0 --spec-type none --moe-cache off --load-mode none | prompt=prose,88 pp t/s,47.10 tg t/s (n=3),,,,,draft 0/0,
ngram,ngmod,1,Ornith-Q4_K_M server,1,600,2400,base,1000,(none),ONEAPI_DEVICE_SELECTOR=level_zero:0 GGML_SYCL_ENABLE_GRAPH=1 GGML_SYCL_GRAPH_EVICTION_TIMEOUT=300 GGML_SYCL_XE_COPY_ENGINE_DEFAULT=0 GGML_SYCL_FA_LARGE_GRF=1,llama-server --ctx-size 131072 --fit on --fit-target 1024 --flash-attn on -ctk q8_0 -ctv q8_0 --spec-type ngram-mod --moe-cache off --load-mode none | prompt=repeat,268 pp t/s,35.00 tg t/s (n=3),,,,,draft 1051/1600,
ngram,ngmod,1,Ornith-Q4_K_M server,1,600,2400,base,1000,(none),ONEAPI_DEVICE_SELECTOR=level_zero:0 GGML_SYCL_ENABLE_GRAPH=1 GGML_SYCL_GRAPH_EVICTION_TIMEOUT=300 GGML_SYCL_XE_COPY_ENGINE_DEFAULT=0 GGML_SYCL_FA_LARGE_GRF=1,llama-server --ctx-size 131072 --fit on --fit-target 1024 --flash-attn on -ctk q8_0 -ctv q8_0 --spec-type ngram-mod --moe-cache off --load-mode none | prompt=prose,87 pp t/s,37.66 tg t/s (n=3),,,,,draft 109/384,
ngram,ngmod_small,1,Ornith-Q4_K_M server,1,600,2400,base,1000,(none),ONEAPI_DEVICE_SELECTOR=level_zero:0 GGML_SYCL_ENABLE_GRAPH=1 GGML_SYCL_GRAPH_EVICTION_TIMEOUT=300 GGML_SYCL_XE_COPY_ENGINE_DEFAULT=0 GGML_SYCL_FA_LARGE_GRF=1,llama-server --ctx-size 131072 --fit on --fit-target 1024 --flash-attn on -ctk q8_0 -ctv q8_0 --spec-type ngram-mod --spec-ngram-mod-n-match 12 --spec-ngram-mod-n-min 16 --spec-ngram-mod-n-max 32 --moe-cache off --load-mode none | prompt=repeat,269 pp t/s,31.24 tg t/s (n=3),,,,,draft 1031/1509,
ngram,ngmod_small,1,Ornith-Q4_K_M server,1,600,2400,base,1000,(none),ONEAPI_DEVICE_SELECTOR=level_zero:0 GGML_SYCL_ENABLE_GRAPH=1 GGML_SYCL_GRAPH_EVICTION_TIMEOUT=300 GGML_SYCL_XE_COPY_ENGINE_DEFAULT=0 GGML_SYCL_FA_LARGE_GRF=1,llama-server --ctx-size 131072 --fit on --fit-target 1024 --flash-attn on -ctk q8_0 -ctv q8_0 --spec-type ngram-mod --spec-ngram-mod-n-match 12 --spec-ngram-mod-n-min 16 --spec-ngram-mod-n-max 32 --moe-cache off --load-mode none | prompt=prose,88 pp t/s,41.81 tg t/s (n=3),,,,,draft 231/448,
ngram,ngsimple,1,Ornith-Q4_K_M server,1,600,2400,base,1000,(none),ONEAPI_DEVICE_SELECTOR=level_zero:0 GGML_SYCL_ENABLE_GRAPH=1 GGML_SYCL_GRAPH_EVICTION_TIMEOUT=300 GGML_SYCL_XE_COPY_ENGINE_DEFAULT=0 GGML_SYCL_FA_LARGE_GRF=1,llama-server --ctx-size 131072 --fit on --fit-target 1024 --flash-attn on -ctk q8_0 -ctv q8_0 --spec-type ngram-simple --moe-cache off --load-mode none | prompt=repeat,268 pp t/s,66.78 tg t/s (n=3),,,,,draft 1056/1059,
ngram,ngsimple,1,Ornith-Q4_K_M server,1,600,2400,base,1000,(none),ONEAPI_DEVICE_SELECTOR=level_zero:0 GGML_SYCL_ENABLE_GRAPH=1 GGML_SYCL_GRAPH_EVICTION_TIMEOUT=300 GGML_SYCL_XE_COPY_ENGINE_DEFAULT=0 GGML_SYCL_FA_LARGE_GRF=1,llama-server --ctx-size 131072 --fit on --fit-target 1024 --flash-attn on -ctk q8_0 -ctv q8_0 --spec-type ngram-simple --moe-cache off --load-mode none | prompt=prose,88 pp t/s,47.00 tg t/s (n=3),,,,,draft 0/0,
ngram,ngmapk,1,Ornith-Q4_K_M server,1,600,2400,base,1000,(none),ONEAPI_DEVICE_SELECTOR=level_zero:0 GGML_SYCL_ENABLE_GRAPH=1 GGML_SYCL_GRAPH_EVICTION_TIMEOUT=300 GGML_SYCL_XE_COPY_ENGINE_DEFAULT=0 GGML_SYCL_FA_LARGE_GRF=1,llama-server --ctx-size 131072 --fit on --fit-target 1024 --flash-attn on -ctk q8_0 -ctv q8_0 --spec-type ngram-map-k --moe-cache off --load-mode none | prompt=repeat,269 pp t/s,35.41 tg t/s (n=3),,,,,draft 567/1079,
ngram,ngmapk,1,Ornith-Q4_K_M server,1,600,2400,base,1000,(none),ONEAPI_DEVICE_SELECTOR=level_zero:0 GGML_SYCL_ENABLE_GRAPH=1 GGML_SYCL_GRAPH_EVICTION_TIMEOUT=300 GGML_SYCL_XE_COPY_ENGINE_DEFAULT=0 GGML_SYCL_FA_LARGE_GRF=1,llama-server --ctx-size 131072 --fit on --fit-target 1024 --flash-attn on -ctk q8_0 -ctv q8_0 --spec-type ngram-map-k --moe-cache off --load-mode none | prompt=prose,88 pp t/s,47.10 tg t/s (n=3),,,,,draft 0/0,
ngram,ngmapk4v,1,Ornith-Q4_K_M server,1,600,2400,base,1000,(none),ONEAPI_DEVICE_SELECTOR=level_zero:0 GGML_SYCL_ENABLE_GRAPH=1 GGML_SYCL_GRAPH_EVICTION_TIMEOUT=300 GGML_SYCL_XE_COPY_ENGINE_DEFAULT=0 GGML_SYCL_FA_LARGE_GRF=1,llama-server --ctx-size 131072 --fit on --fit-target 1024 --flash-attn on -ctk q8_0 -ctv q8_0 --spec-type ngram-map-k4v --moe-cache off --load-mode none | prompt=repeat,270 pp t/s,41.89 tg t/s (n=3),,,,,draft 290/560,
ngram,ngmapk4v,1,Ornith-Q4_K_M server,1,600,2400,base,1000,(none),ONEAPI_DEVICE_SELECTOR=level_zero:0 GGML_SYCL_ENABLE_GRAPH=1 GGML_SYCL_GRAPH_EVICTION_TIMEOUT=300 GGML_SYCL_XE_COPY_ENGINE_DEFAULT=0 GGML_SYCL_FA_LARGE_GRF=1,llama-server --ctx-size 131072 --fit on --fit-target 1024 --flash-attn on -ctk q8_0 -ctv q8_0 --spec-type ngram-map-k4v --moe-cache off --load-mode none | prompt=prose,88 pp t/s,47.21 tg t/s (n=3),,,,,draft 0/0,
ngram,ngcache,1,Ornith-Q4_K_M server,1,600,2400,base,1000,(none),ONEAPI_DEVICE_SELECTOR=level_zero:0 GGML_SYCL_ENABLE_GRAPH=1 GGML_SYCL_GRAPH_EVICTION_TIMEOUT=300 GGML_SYCL_XE_COPY_ENGINE_DEFAULT=0 GGML_SYCL_FA_LARGE_GRF=1,llama-server --ctx-size 131072 --fit on --fit-target 1024 --flash-attn on -ctk q8_0 -ctv q8_0 --spec-type ngram-cache --moe-cache off --load-mode none | prompt=repeat,268 pp t/s,44.11 tg t/s (n=3),,,,,draft 927/986,
ngram,ngcache,1,Ornith-Q4_K_M server,1,600,2400,base,1000,(none),ONEAPI_DEVICE_SELECTOR=level_zero:0 GGML_SYCL_ENABLE_GRAPH=1 GGML_SYCL_GRAPH_EVICTION_TIMEOUT=300 GGML_SYCL_XE_COPY_ENGINE_DEFAULT=0 GGML_SYCL_FA_LARGE_GRF=1,llama-server --ctx-size 131072 --fit on --fit-target 1024 --flash-attn on -ctk q8_0 -ctv q8_0 --spec-type ngram-cache --moe-cache off --load-mode none | prompt=prose,89 pp t/s,19.96 tg t/s (n=3),,,,,draft 15/627,
ngram,none_mcauto,1,Ornith-Q4_K_M server,1,600,2400,base,1000,(none),ONEAPI_DEVICE_SELECTOR=level_zero:0 GGML_SYCL_ENABLE_GRAPH=1 GGML_SYCL_GRAPH_EVICTION_TIMEOUT=300 GGML_SYCL_XE_COPY_ENGINE_DEFAULT=0 GGML_SYCL_FA_LARGE_GRF=1,llama-server --ctx-size 131072 --fit on --fit-target 1024 --flash-attn on -ctk q8_0 -ctv q8_0 --spec-type none --moe-cache auto --load-mode none | prompt=repeat,208 pp t/s,11.54 tg t/s (n=3),,,,,draft 0/0,
ngram,none_mcauto,1,Ornith-Q4_K_M server,1,600,2400,base,1000,(none),ONEAPI_DEVICE_SELECTOR=level_zero:0 GGML_SYCL_ENABLE_GRAPH=1 GGML_SYCL_GRAPH_EVICTION_TIMEOUT=300 GGML_SYCL_XE_COPY_ENGINE_DEFAULT=0 GGML_SYCL_FA_LARGE_GRF=1,llama-server --ctx-size 131072 --fit on --fit-target 1024 --flash-attn on -ctk q8_0 -ctv q8_0 --spec-type none --moe-cache auto --load-mode none | prompt=prose,87 pp t/s,11.64 tg t/s (n=3),,,,,draft 0/0,
ngram,ngmod_mcauto,1,Ornith-Q4_K_M server,1,600,2400,base,1000,(none),ONEAPI_DEVICE_SELECTOR=level_zero:0 GGML_SYCL_ENABLE_GRAPH=1 GGML_SYCL_GRAPH_EVICTION_TIMEOUT=300 GGML_SYCL_XE_COPY_ENGINE_DEFAULT=0 GGML_SYCL_FA_LARGE_GRF=1,llama-server --ctx-size 131072 --fit on --fit-target 1024 --flash-attn on -ctk q8_0 -ctv q8_0 --spec-type ngram-mod --moe-cache auto --load-mode none | prompt=repeat,208 pp t/s,23.11 tg t/s (n=3),,,,,draft 1051/1600,
ngram,ngmod_mcauto,1,Ornith-Q4_K_M server,1,600,2400,base,1000,(none),ONEAPI_DEVICE_SELECTOR=level_zero:0 GGML_SYCL_ENABLE_GRAPH=1 GGML_SYCL_GRAPH_EVICTION_TIMEOUT=300 GGML_SYCL_XE_COPY_ENGINE_DEFAULT=0 GGML_SYCL_FA_LARGE_GRF=1,llama-server --ctx-size 131072 --fit on --fit-target 1024 --flash-attn on -ctk q8_0 -ctv q8_0 --spec-type ngram-mod --moe-cache auto --load-mode none | prompt=prose,86 pp t/s,12.20 tg t/s (n=3),,,,,draft 164/576,
ngram,ngmod_lmauto,1,Ornith-Q4_K_M server,1,600,2400,base,1000,(none),ONEAPI_DEVICE_SELECTOR=level_zero:0 GGML_SYCL_ENABLE_GRAPH=1 GGML_SYCL_GRAPH_EVICTION_TIMEOUT=300 GGML_SYCL_XE_COPY_ENGINE_DEFAULT=0 GGML_SYCL_FA_LARGE_GRF=1,llama-server --ctx-size 131072 --fit on --fit-target 1024 --flash-attn on -ctk q8_0 -ctv q8_0 --spec-type ngram-mod --moe-cache off --load-mode auto | prompt=repeat,261 pp t/s,35.52 tg t/s (n=3),,,,,draft 1051/1600,
ngram,ngmod_lmauto,1,Ornith-Q4_K_M server,1,600,2400,base,1000,(none),ONEAPI_DEVICE_SELECTOR=level_zero:0 GGML_SYCL_ENABLE_GRAPH=1 GGML_SYCL_GRAPH_EVICTION_TIMEOUT=300 GGML_SYCL_XE_COPY_ENGINE_DEFAULT=0 GGML_SYCL_FA_LARGE_GRF=1,llama-server --ctx-size 131072 --fit on --fit-target 1024 --flash-attn on -ctk q8_0 -ctv q8_0 --spec-type ngram-mod --moe-cache off --load-mode auto | prompt=prose,88 pp t/s,38.64 tg t/s (n=3),,,,,draft 344/576,
